{"agent": "ppo", "states": {"type": "float", "shape": [1]}, "actions": {"type": "int", "shape": [], "num_values": 20}, "max_episode_timesteps": 200000, "network": [{"type": "dense", "size": 128, "activation": "tanh"}, {"type": "dense", "size": 64, "activation": "tanh"}, {"type": "dense", "size": 32, "activation": "tanh"}], "batch_size": 10, "update_frequency": 10, "learning_rate": 0.0003, "likelihood_ratio_clipping": 0.1, "discount": 1.0, "estimate_terminal": false, "critic_network": null, "critic_optimizer": null, "preprocessing": null, "exploration": 0.0, "variable_noise": 0.0, "l2_regularization": 0.0, "entropy_regularization": 0.0, "name": "agent", "device": null, "parallel_interactions": 1, "seed": null, "execution": null, "saver": null, "summarizer": null, "recorder": null, "config": null}