,open,close,high,low
2015/1/5,3258.63,3350.52,3369.28,3253.88
2015/1/6,3330.8,3351.45,3394.22,3303.18
2015/1/7,3326.65,3373.95,3374.9,3312.21
2015/1/8,3371.96,3293.46,3381.57,3285.09
2015/1/9,3276.97,3285.41,3404.83,3267.51
2015/1/12,3258.21,3229.32,3275.18,3191.58
2015/1/13,3223.54,3235.3,3259.39,3214.41
2015/1/14,3242.34,3222.44,3268.48,3193.98
2015/1/15,3224.07,3336.45,3337.08,3207.55
2015/1/16,3343.6,3376.49,3400.32,3340.49
2015/1/19,3189.73,3116.35,3262.21,3095.07
2015/1/20,3114.56,3173.05,3190.24,3100.48
2015/1/21,3189.09,3323.61,3337,3178.34
2015/1/22,3327.32,3343.34,3352.38,3293.98
2015/1/23,3357.1,3351.76,3406.79,3328.29
2015/1/26,3347.26,3383.18,3384.8,3321.32
2015/1/27,3389.85,3352.96,3390.22,3290.22
2015/1/28,3325.72,3305.74,3354.8,3294.66
2015/1/29,3259,3262.3,3286.79,3234.24
2015/1/30,3273.75,3210.36,3288.5,3210.31
2015/2/2,3148.14,3128.3,3175.13,3122.57
2015/2/3,3156.09,3204.91,3207.93,3129.73
2015/2/4,3212.82,3174.13,3238.98,3171.14
2015/2/5,3251.21,3136.53,3251.21,3135.82
2015/2/6,3120.09,3075.91,3129.54,3052.94
2015/2/9,3063.51,3095.12,3119.03,3049.11
2015/2/10,3090.49,3141.59,3142.1,3084.25
2015/2/11,3145.76,3157.7,3166.42,3139.05
2015/2/12,3157.96,3173.42,3181.77,3134.24
2015/2/13,3186.81,3203.83,3237.16,3182.79
2015/2/16,3206.14,3222.36,3228.85,3195.88
2015/2/17,3230.88,3246.91,3255.72,3230.77
2015/2/25,3256.48,3228.84,3257.22,3215.55
2015/2/26,3222.15,3298.36,3300.62,3202.19
2015/2/27,3296.83,3310.3,3324.55,3291.01
2015/3/2,3332.72,3336.28,3336.76,3298.67
2015/3/3,3317.7,3263.05,3317.7,3260.43
2015/3/4,3264.18,3279.53,3286.59,3250.48
2015/3/5,3264.09,3248.48,3266.64,3221.67
2015/3/6,3248.04,3241.19,3266.93,3234.53
2015/3/9,3224.31,3302.41,3307.7,3198.37
2015/3/10,3289.09,3286.07,3309.91,3277.09
2015/3/11,3289.59,3290.9,3325.05,3278.47
2015/3/12,3314.81,3349.32,3360.05,3300.49
2015/3/13,3359.49,3372.91,3391.26,3352.15
2015/3/16,3391.16,3449.3,3449.3,3377.09
2015/3/17,3469.6,3502.85,3504.12,3459.69
2015/3/18,3510.5,3577.3,3577.66,3503.85
2015/3/19,3576.02,3582.27,3600.68,3546.84
2015/3/20,3587.08,3617.32,3632.34,3569.38
2015/3/23,3640.1,3687.73,3688.25,3635.49
2015/3/24,3692.57,3691.41,3715.87,3600.7
2015/3/25,3680.95,3660.73,3693.15,3634.56
2015/3/26,3641.94,3682.09,3707.32,3615.01
2015/3/27,3686.13,3691.1,3710.48,3656.83
2015/3/30,3710.61,3786.57,3795.93,3710.61
2015/3/31,3822.99,3747.9,3835.57,3737.04
2015/4/1,3748.34,3810.29,3817.08,3742.21
2015/4/2,3827.69,3825.78,3835.45,3775.89
2015/4/3,3803.38,3863.93,3864.41,3792.21
2015/4/7,3899.42,3961.38,3961.67,3891.73
2015/4/8,3976.53,3994.81,4000.22,3903.65
2015/4/9,4006.13,3957.53,4016.4,3900.03
2015/4/10,3947.49,4034.31,4040.35,3929.32
2015/4/13,4072.72,4121.72,4128.07,4057.29
2015/4/14,4125.78,4135.56,4168.35,4091.26
2015/4/15,4135.65,4084.16,4175.49,4069.01
2015/4/16,4055.92,4194.82,4195.31,4031.24
2015/4/17,4254.72,4287.3,4317.22,4238.91
2015/4/20,4301.35,4217.08,4356,4190.68
2015/4/21,4212.19,4293.62,4294.38,4188.57
2015/4/22,4304.6,4398.49,4400.19,4297.95
2015/4/23,4414.48,4414.51,4444.41,4358.84
2015/4/24,4355.95,4393.69,4416.38,4318.12
2015/4/27,4441.93,4527.4,4529.73,4441.93
2015/4/28,4527.64,4476.22,4572.39,4432.9
2015/4/29,4446.12,4476.62,4499.94,4398.64
2015/4/30,4483.01,4441.65,4507.34,4441.05
2015/5/4,4441.34,4480.46,4487.57,4387.43
2015/5/5,4479.85,4298.71,4488.86,4282.24
2015/5/6,4311.64,4229.27,4376.35,4187.37
2015/5/7,4197.9,4112.21,4213.76,4108.01
2015/5/8,4152.98,4205.92,4206.86,4099.04
2015/5/11,4231.27,4333.58,4334.88,4187.82
2015/5/12,4342.37,4401.22,4402.31,4317.98
2015/5/13,4402.38,4375.76,4415.63,4342.48
2015/5/14,4372.82,4378.31,4397.74,4329.04
2015/5/15,4366.82,4308.69,4366.82,4278.55
2015/5/18,4277.9,4283.49,4324.83,4260.51
2015/5/19,4285.78,4417.55,4418.4,4285.78
2015/5/20,4434.98,4446.29,4520.54,4432.28
2015/5/21,4456.44,4529.42,4530.48,4438.26
2015/5/22,4584.98,4657.6,4658.27,4562.99
2015/5/25,4660.07,4813.8,4814.67,4656.82
2015/5/26,4854.85,4910.9,4911.69,4779.07
2015/5/27,4932.85,4941.71,4958.16,4857.06
2015/5/28,4943.74,4620.27,4986.5,4614.24
2015/5/29,4603.47,4611.74,4698.19,4431.56
2015/6/1,4633.1,4828.74,4829.5,4615.23
2015/6/2,4844.7,4910.53,4911.57,4797.55
2015/6/3,4924.38,4909.98,4942.06,4822.44
2015/6/4,4912.94,4947.1,4947.97,4647.41
2015/6/5,5016.09,5023.1,5051.63,4898.07
2015/6/8,5045.69,5131.88,5146.95,4997.48
2015/6/9,5145.98,5113.53,5147.45,5042.96
2015/6/10,5049.2,5106.04,5164.16,5001.49
2015/6/11,5101.44,5121.59,5122.46,5050.77
2015/6/12,5143.34,5166.35,5178.19,5103.4
2015/6/15,5174.42,5062.99,5176.8,5048.74
2015/6/16,5004.41,4887.43,5029.68,4842.1
2015/6/17,4890.55,4967.9,4983.66,4767.22
2015/6/18,4942.52,4785.36,4966.77,4780.87
2015/6/19,4689.93,4478.36,4744.08,4476.5
2015/6/23,4471.61,4576.49,4577.94,4264.77
2015/6/24,4604.58,4690.15,4691.77,4552.13
2015/6/25,4711.76,4527.78,4720.7,4483.55
2015/6/26,4399.93,4192.87,4456.9,4139.53
2015/6/29,4289.77,4053.03,4297.48,3875.05
2015/6/30,4006.75,4277.22,4279.97,3847.88
2015/7/1,4214.15,4053.7,4317.05,4043.37
2015/7/2,4058.62,3912.77,4080.39,3795.25
2015/7/3,3793.71,3686.91,3927.13,3629.56
2015/7/6,3975.21,3775.91,3975.21,3653.04
2015/7/7,3654.78,3727.13,3750.57,3585.4
2015/7/8,3467.4,3507.19,3599.25,3421.53
2015/7/9,3432.45,3709.33,3748.48,3373.54
2015/7/10,3707.46,3877.8,3959.22,3677.43
2015/7/13,3918.99,3970.39,4030.2,3858.64
2015/7/14,3958.37,3924.49,4035.43,3855.56
2015/7/15,3874.97,3805.7,3914.27,3741.25
2015/7/16,3758.51,3823.18,3877.51,3688.44
2015/7/17,3831.42,3957.35,3994.48,3814.15
2015/7/20,3948.42,3992.11,4021.33,3927.12
2015/7/21,3939.9,4017.68,4041.82,3912.8
2015/7/22,3996.43,4026.05,4042.34,3960.86
2015/7/23,4022.27,4123.92,4132.61,4019.04
2015/7/24,4124.76,4070.91,4184.45,4044.83
2015/7/27,3985.57,3725.56,4051.16,3720.44
2015/7/28,3573.14,3663,3762.53,3537.36
2015/7/29,3689.82,3789.17,3792.07,3612.06
2015/7/30,3773.79,3705.77,3844.37,3685.96
2015/7/31,3655.67,3663.73,3729.51,3620.16
2015/8/3,3614.99,3622.91,3648.94,3549.5
2015/8/4,3621.86,3756.55,3757.03,3601.29
2015/8/5,3745.65,3694.57,3782.35,3676.39
2015/8/6,3625.5,3661.54,3710.57,3614.74
2015/8/7,3692.61,3744.2,3756.74,3686.3
2015/8/10,3786.03,3928.41,3943.62,3775.85
2015/8/11,3928.81,3927.91,3970.34,3891.18
2015/8/12,3881.23,3886.32,3937.77,3871.14
2015/8/13,3869.91,3954.56,3955.79,3838.16
2015/8/14,3976.41,3965.34,4000.68,3939.84
2015/8/17,3947.84,3993.67,3994.54,3907.4
2015/8/18,3999.13,3748.16,4006.34,3743.39
2015/8/19,3646.8,3794.11,3811.43,3558.38
2015/8/20,3754.57,3664.29,3788.01,3663.61
2015/8/21,3609.96,3507.74,3652.84,3490.54
2015/8/24,3373.48,3209.91,3388.36,3191.88
2015/8/25,3004.13,2964.97,3123.03,2947.94
2015/8/26,2980.79,2927.29,3092.04,2850.71
2015/8/27,2978.03,3083.59,3085.42,2906.49
2015/8/28,3125.26,3232.35,3235.84,3102.95
2015/8/31,3203.56,3205.99,3207.86,3109.16
2015/9/1,3157.83,3166.62,3180.33,3053.74
2015/9/2,3027.68,3160.17,3194.49,3019.09
2015/9/7,3149.38,3080.42,3217.58,3066.3
2015/9/8,3054.44,3170.45,3174.71,3011.12
2015/9/9,3182.55,3243.09,3256.74,3165.7
2015/9/10,3190.55,3197.89,3243.28,3178.9
2015/9/11,3189.48,3200.23,3223.76,3163.45
2015/9/14,3221.16,3114.8,3229.48,3049.23
2015/9/15,3043.8,3005.17,3081.7,2983.92
2015/9/16,2998.04,3152.26,3182.93,2983.53
2015/9/17,3131.98,3086.06,3204.7,3085.31
2015/9/18,3100.28,3097.92,3122.05,3070.34
2015/9/21,3072.09,3156.54,3159.88,3060.86
2015/9/22,3161.32,3185.62,3213.48,3152.48
2015/9/23,3137.72,3115.89,3164.04,3104.74
2015/9/24,3126.49,3142.69,3151.16,3109.69
2015/9/25,3130.85,3092.35,3149.95,3062.99
2015/9/28,3085.57,3100.76,3103.07,3042.31
2015/9/29,3055.22,3038.14,3068.3,3021.16
2015/9/30,3052.84,3052.78,3073.3,3039.74
2015/10/8,3156.07,3143.36,3172.28,3133.13
2015/10/9,3146.64,3183.15,3192.72,3137.79
2015/10/12,3193.54,3287.66,3318.71,3188.41
2015/10/13,3262.16,3293.23,3298.63,3253.25
2015/10/14,3280.02,3262.44,3307.32,3256.25
2015/10/15,3255.03,3338.07,3338.3,3254.39
2015/10/16,3358.3,3391.35,3393.02,3334.85
2015/10/19,3401.63,3386.7,3423.4,3355.57
2015/10/20,3377.55,3425.33,3425.52,3357.86
2015/10/21,3428.56,3320.68,3447.26,3265.44
2015/10/22,3292.29,3368.74,3373.78,3282.99
2015/10/23,3377.55,3412.43,3422.02,3360.22
2015/10/26,3448.65,3429.58,3457.52,3402
2015/10/27,3409.14,3434.34,3441.57,3332.62
2015/10/28,3417.01,3375.2,3439.76,3367.23
2015/10/29,3387.77,3387.32,3411.71,3362.51
2015/10/30,3380.28,3382.56,3417.2,3346.59
2015/11/2,3337.58,3325.09,3391.06,3322.31
2015/11/3,3330.32,3316.7,3346.28,3302.18
2015/11/4,3325.62,3459.64,3459.65,3325.62
2015/11/5,3459.22,3522.82,3585.66,3455.53
2015/11/6,3514.44,3590.03,3596.38,3508.83
2015/11/9,3588.5,3646.88,3673.76,3588.5
2015/11/10,3617.4,3640.49,3669.53,3607.89
2015/11/11,3635,3650.25,3654.88,3605.62
2015/11/12,3656.82,3632.9,3659.32,3603.23
2015/11/13,3600.76,3580.84,3632.56,3564.81
2015/11/16,3522.46,3606.96,3607.61,3519.42
2015/11/17,3629.98,3604.8,3678.27,3598.07
2015/11/18,3605.06,3568.47,3617.07,3558.7
2015/11/19,3573.78,3617.06,3618.21,3561.04
2015/11/20,3620.79,3630.5,3640.53,3607.91
2015/11/23,3630.87,3610.32,3654.75,3598.87
2015/11/24,3602.89,3616.11,3616.48,3563.1
2015/11/25,3614.07,3647.93,3648.37,3607.52
2015/11/26,3659.57,3635.55,3668.38,3629.86
2015/11/27,3616.54,3436.3,3621.9,3412.43
2015/11/30,3433.86,3445.41,3470.37,3327.81
2015/12/1,3442.44,3456.31,3483.41,3417.55
2015/12/2,3450.28,3536.91,3538.85,3427.66
2015/12/3,3525.73,3584.82,3591.73,3517.23
2015/12/4,3558.15,3524.99,3568.97,3510.41
2015/12/7,3529.81,3536.93,3543.95,3506.63
2015/12/8,3518.65,3470.07,3518.65,3466.79
2015/12/9,3462.58,3472.44,3495.7,3454.88
2015/12/10,3469.81,3455.49,3503.65,3446.27
2015/12/11,3441.6,3434.58,3455.55,3410.92
2015/12/14,3403.51,3520.67,3521.78,3399.28
2015/12/15,3518.13,3510.35,3529.96,3496.85
2015/12/16,3522.09,3516.19,3538.69,3506.29
2015/12/17,3533.63,3580,3583.41,3533.63
2015/12/18,3574.94,3578.96,3614.7,3568.16
2015/12/21,3568.58,3642.47,3651.06,3565.75
2015/12/22,3645.99,3651.77,3652.64,3616.87
2015/12/23,3653.28,3636.09,3684.57,3633.03
2015/12/24,3631.31,3612.49,3640.22,3572.28
2015/12/25,3614.05,3627.91,3635.26,3601.74
2015/12/28,3635.77,3533.78,3641.59,3533.78
2015/12/29,3528.39,3563.74,3564.17,3515.52
2015/12/30,3566.73,3572.88,3573.68,3538.11
2015/12/31,3570.47,3539.18,3580.6,3538.35
2016/1/4,3536.59,3296.26,3538.69,3295.74
2016/1/5,3196.65,3287.71,3328.14,3189.61
2016/1/6,3291.2,3361.84,3362.97,3288.93
2016/1/7,3309.66,3125,3309.66,3115.89
2016/1/8,3194.63,3186.41,3235.45,3056.88
2016/1/11,3131.85,3016.7,3166.22,3016.7
2016/1/12,3026.16,3022.86,3047.66,2978.46
2016/1/13,3041.11,2949.6,3059.01,2949.29
2016/1/14,2874.05,3007.65,3012.29,2867.55
2016/1/15,2988.05,2900.97,3001.71,2883.87
2016/1/18,2847.54,2913.84,2945.45,2844.7
2016/1/19,2914.41,3007.74,3012.07,2906.4
2016/1/20,2993.01,2976.69,3016.28,2951.92
2016/1/21,2934.39,2880.48,2998.79,2880.08
2016/1/22,2911.11,2916.56,2931.36,2851.73
2016/1/25,2934.08,2938.51,2955.78,2911.83
2016/1/26,2907.72,2749.79,2911.99,2743.84
2016/1/27,2756.08,2735.56,2768.77,2638.3
2016/1/28,2711.16,2655.66,2740.54,2647.49
2016/1/29,2652.85,2737.6,2755.37,2649.79
2016/2/1,2730.98,2688.85,2735.26,2655.62
2016/2/2,2687.98,2749.57,2755.16,2687.98
2016/2/3,2719.57,2739.25,2746.07,2696.88
2016/2/4,2751.43,2781.02,2793.3,2751.31
2016/2/5,2783.08,2763.49,2790.06,2762.16
2016/2/15,2684.96,2746.2,2760.36,2682.09
2016/2/16,2758.58,2836.57,2840.62,2758.58
2016/2/17,2829.76,2867.34,2868.7,2824.36
2016/2/18,2881.78,2862.89,2893.21,2857.7
2016/2/19,2854.9,2860.02,2872.72,2840.49
2016/2/22,2888.6,2927.18,2933.96,2880.35
2016/2/23,2925.71,2903.33,2928.05,2872.28
2016/2/24,2889.88,2928.9,2929.87,2872.27
2016/2/25,2922.24,2741.25,2922.24,2729.85
2016/2/26,2760.06,2767.21,2784.75,2715.87
2016/2/29,2754.81,2687.98,2755.89,2638.96
2016/3/1,2688.38,2733.17,2747.56,2668.76
2016/3/2,2733.77,2849.68,2852.7,2732.54
2016/3/3,2847.33,2859.76,2878.45,2840.87
2016/3/4,2848.54,2874.15,2880.37,2808.85
2016/3/7,2886.64,2897.34,2911.84,2871.35
2016/3/8,2895.67,2901.39,2902.62,2802.56
2016/3/9,2839.41,2862.56,2863.01,2811.72
2016/3/10,2847.57,2804.73,2863.18,2803.48
2016/3/11,2781.6,2810.31,2815.61,2772.55
2016/3/14,2830.08,2859.5,2889.82,2823.03
2016/3/15,2853.98,2864.37,2865.79,2819.79
2016/3/16,2858.71,2870.43,2881.53,2854.19
2016/3/17,2875.41,2904.83,2921,2857.19
2016/3/18,2915.52,2955.15,2971.55,2908.74
2016/3/21,2978.46,3018.8,3028.32,2973.76
2016/3/22,3001.63,2999.36,3019.1,2988.43
2016/3/23,2991.17,3009.96,3012.56,2980.86
2016/3/24,2986.8,2960.97,2998.15,2960.54
2016/3/25,2956.2,2979.43,2981.41,2952.11
2016/3/28,2988.01,2957.82,3008.17,2948.53
2016/3/29,2956.71,2919.83,2962.2,2905.25
2016/3/30,2941.22,3000.64,3001.11,2941.22
2016/3/31,3009.37,3003.92,3023.41,2992.92
2016/4/1,2997.09,3009.53,3009.67,2956.25
2016/4/5,3000.94,3053.07,3057.33,2993.15
2016/4/6,3039.74,3050.59,3059.79,3029
2016/4/7,3058.34,3008.42,3062.36,3007.06
2016/4/8,2988.2,2984.96,2996.17,2960.46
2016/4/11,3006.91,3033.96,3048.98,3006.91
2016/4/12,3031.3,3023.65,3036.82,3001.32
2016/4/13,3041.36,3066.64,3097.16,3041.36
2016/4/14,3080.09,3082.36,3086.7,3056.99
2016/4/15,3085.03,3078.12,3089.95,3066.87
2016/4/18,3058.46,3033.66,3058.46,3022.97
2016/4/19,3047.13,3042.82,3054.5,3024.9
2016/4/20,3050.38,2972.58,3055.69,2905.05
2016/4/21,2954.37,2952.89,2990.67,2943.46
2016/4/22,2933.03,2959.24,2960.21,2926.78
2016/4/25,2949.97,2946.67,2954.09,2917.02
2016/4/26,2944.72,2964.7,2965.43,2933.97
2016/4/27,2967.19,2953.67,2976.02,2949.43
2016/4/28,2955.74,2945.59,2959.51,2916.37
2016/4/29,2935.38,2938.32,2950.58,2930.36
2016/5/3,2940.39,2992.64,2993.53,2929.81
2016/5/4,2983.03,2991.27,3004.42,2978.33
2016/5/5,2987.02,2997.84,2999.12,2977.2
2016/5/6,2998.4,2913.25,3003.59,2913.04
2016/5/9,2896.16,2832.11,2896.16,2821.83
2016/5/10,2822.33,2832.59,2845.24,2820.16
2016/5/11,2843.54,2837.04,2857.25,2818.7
2016/5/12,2812.11,2835.86,2839.28,2781.24
2016/5/13,2828.46,2827.11,2850.09,2814.11
2016/5/16,2816.78,2850.86,2851.23,2804.99
2016/5/17,2850.93,2843.68,2860.32,2832.46
2016/5/18,2828.18,2807.51,2828.26,2781.42
2016/5/19,2802.31,2806.91,2829.4,2801.55
2016/5/20,2792.89,2825.48,2825.95,2785.08
2016/5/23,2826.31,2843.64,2848.07,2826.26
2016/5/24,2839.68,2821.67,2839.7,2807.19
2016/5/25,2835.03,2815.09,2843.16,2807.75
2016/5/26,2813.54,2822.44,2827.09,2780.76
2016/5/27,2817.97,2821.05,2832.8,2809.8
2016/5/30,2814.65,2822.45,2830.97,2794.66
2016/5/31,2822.59,2916.62,2917.14,2822.59
2016/6/1,2917.15,2913.51,2929.08,2909.51
2016/6/2,2911.22,2925.23,2925.67,2906.52
2016/6/3,2929.79,2938.68,2945.52,2915.18
2016/6/6,2940.99,2934.1,2945.94,2922.28
2016/6/7,2936.28,2936.04,2938.44,2923.5
2016/6/8,2932.38,2927.16,2937.99,2908.37
2016/6/13,2897.27,2833.07,2911.16,2832.51
2016/6/14,2824.23,2842.19,2843.46,2822.06
2016/6/15,2814.69,2887.21,2894.26,2811.78
2016/6/16,2878.4,2872.82,2887.74,2865.39
2016/6/17,2873.01,2885.11,2900.3,2872.18
2016/6/20,2887.64,2888.81,2891.66,2864.02
2016/6/21,2898.38,2878.56,2919.3,2869.18
2016/6/22,2872.73,2905.55,2905.98,2869.51
2016/6/23,2902.4,2891.96,2904.11,2878.66
2016/6/24,2883.76,2854.29,2899.57,2807.6
2016/6/27,2840.56,2895.7,2895.73,2840.28
2016/6/28,2885.01,2912.56,2913.58,2878.82
2016/6/29,2918.53,2931.59,2934,2915.06
2016/6/30,2931.48,2929.61,2938.14,2922.31
2016/7/1,2931.8,2932.48,2944.99,2925.81
2016/7/4,2924.29,2988.6,2992.5,2922.52
2016/7/5,2991.75,3006.39,3010.28,2990.64
2016/7/6,2998.52,3017.29,3017.65,2984.83
2016/7/7,3009.35,3016.85,3024.11,2994.64
2016/7/8,3000.33,2988.09,3001.55,2983.88
2016/7/11,2993.75,2994.92,3022.94,2990.91
2016/7/12,2992.52,3049.38,3049.68,2984.42
2016/7/13,3049.51,3060.69,3069.05,3048.2
2016/7/14,3054.97,3054.02,3057.05,3036.52
2016/7/15,3056.68,3054.3,3062.68,3044.54
2016/7/18,3047.64,3043.56,3058.32,3031.64
2016/7/19,3040.23,3036.6,3043.6,3014.29
2016/7/20,3034.71,3027.9,3043,3022.63
2016/7/21,3027.6,3039.01,3053.33,3027.37
2016/7/22,3038.12,3012.82,3039.27,3007.46
2016/7/25,3008.09,3015.83,3027.12,3003.29
2016/7/26,3014.04,3050.17,3050.61,3013.8
2016/7/27,3050.37,2992,3057.42,2939.23
2016/7/28,2980.5,2994.32,3003.36,2968.18
2016/7/29,2992.54,2979.34,3000.05,2972.92
2016/8/1,2971.95,2953.39,2972.88,2931.96
2016/8/2,2950.08,2971.28,2971.28,2946.64
2016/8/3,2963.21,2978.46,2981.16,2956.79
2016/8/4,2976.41,2982.43,2982.86,2958.93
2016/8/5,2978.78,2976.7,2991.68,2971.56
2016/8/8,2972.62,3004.28,3004.72,2959.05
2016/8/9,3001.31,3025.68,3025.91,2998.68
2016/8/10,3023.47,3018.75,3033.2,3017.09
2016/8/11,3013.68,3002.64,3038.05,3001.17
2016/8/12,3000.27,3050.67,3051.05,2999.04
2016/8/15,3056.48,3125.2,3137.48,3053.87
2016/8/16,3130.53,3110.04,3140.44,3102.07
2016/8/17,3106.99,3109.55,3114.25,3090.28
2016/8/18,3107.75,3104.11,3125.58,3093.32
2016/8/19,3100.39,3108.1,3113.34,3082.77
2016/8/22,3107.38,3084.81,3112.74,3083.59
2016/8/23,3081.57,3089.71,3101.11,3073.53
2016/8/24,3092.02,3085.88,3097.15,3079.55
2016/8/25,3073.44,3068.33,3073.44,3041.51
2016/8/26,3069.85,3070.31,3087.65,3063.89
2016/8/29,3068.46,3070.03,3074.94,3058.79
2016/8/30,3071.44,3074.68,3082.99,3065.97
2016/8/31,3072.92,3085.49,3087.7,3063.4
2016/9/1,3083.96,3063.31,3088.7,3062.88
2016/9/2,3057.49,3067.35,3072.53,3050.49
2016/9/5,3070.71,3072.1,3085.49,3065.33
2016/9/6,3071.06,3090.71,3095.51,3053.19
2016/9/7,3091.33,3091.93,3105.68,3087.88
2016/9/8,3089.95,3095.95,3096.78,3083.9
2016/9/9,3095.43,3078.85,3101.79,3078.22
2016/9/12,3037.51,3021.98,3040.95,2999.93
2016/9/13,3025.03,3023.51,3029.72,3008.74
2016/9/14,3008.9,3002.85,3017.94,2995.42
2016/9/19,3005.32,3026.05,3026.65,3005.32
2016/9/20,3027.17,3023,3027.82,3015.88
2016/9/21,3021.58,3025.87,3032.45,3017.54
2016/9/22,3038.42,3042.31,3054.44,3035.07
2016/9/23,3044.79,3033.9,3046.8,3032.8
2016/9/26,3028.24,2980.43,3028.24,2980.12
2016/9/27,2974.59,2998.17,2998.23,2969.13
2016/9/28,3000.7,2987.86,3000.7,2984.32
2016/9/29,2992.17,2998.48,3009.2,2991.91
2016/9/30,2994.25,3004.7,3009.2,2993.06
2016/10/10,3020.46,3048.14,3048.24,3014.62
2016/10/11,3051.62,3065.25,3066.1,3048.02
2016/10/12,3057.32,3058.5,3060.51,3048.89
2016/10/13,3057.97,3061.35,3065,3052.64
2016/10/14,3056.99,3063.81,3064.79,3043.18
2016/10/17,3064.69,3041.17,3068.81,3033.75
2016/10/18,3037.4,3083.88,3084.19,3037.4
2016/10/19,3085.75,3084.72,3096.22,3076.77
2016/10/20,3084.91,3084.46,3089.68,3076.29
2016/10/21,3081.39,3090.94,3101.85,3069.27
2016/10/24,3092.05,3128.25,3137.03,3090.79
2016/10/25,3127.97,3131.94,3132.5,3121.05
2016/10/26,3129.84,3116.31,3129.84,3110.39
2016/10/27,3112.6,3112.35,3114.76,3100.39
2016/10/28,3111.7,3104.27,3128.64,3101.24
2016/10/31,3097.19,3100.49,3102.3,3081.07
2016/11/1,3101.66,3122.44,3122.61,3097.04
2016/11/2,3115.73,3102.73,3118.98,3099.82
2016/11/3,3096.76,3128.94,3140.93,3094.1
2016/11/4,3126.35,3125.32,3141.33,3119.54
2016/11/7,3124.89,3133.33,3139.2,3117.1
2016/11/8,3140.94,3147.89,3156.88,3134.95
2016/11/9,3146.08,3128.37,3146.95,3096.95
2016/11/10,3148.54,3171.28,3172.31,3148.54
2016/11/11,3169.4,3196.04,3202.74,3166.07
2016/11/14,3187.71,3210.37,3221.46,3186.8
2016/11/15,3209.95,3206.99,3214.29,3195.04
2016/11/16,3208.5,3205.06,3210.89,3195.41
2016/11/17,3198.5,3208.45,3211.05,3187.21
2016/11/18,3207.19,3192.86,3212.39,3187.5
2016/11/21,3188.5,3218.15,3229.76,3188.28
2016/11/22,3220.98,3248.35,3249.68,3220.98
2016/11/23,3247.94,3241.14,3262.88,3231.59
2016/11/24,3237.43,3241.74,3257.86,3232.87
2016/11/25,3241.24,3261.94,3262.44,3209.6
2016/11/28,3270.05,3277,3288.34,3267.67
2016/11/29,3269.23,3282.92,3301.21,3263.4
2016/11/30,3272.14,3250.03,3277.27,3239.52
2016/12/1,3257.03,3273.31,3279.67,3256.26
2016/12/2,3270.12,3243.84,3279.71,3235.28
2016/12/5,3203.78,3204.71,3219.52,3194.88
2016/12/6,3202.03,3199.65,3215.31,3196.52
2016/12/7,3198.47,3222.24,3222.43,3189.49
2016/12/8,3225.55,3215.37,3228.12,3211.47
2016/12/9,3209.34,3232.88,3244.8,3207.04
2016/12/12,3233.67,3152.97,3245.09,3149.9
2016/12/13,3138.99,3155.04,3162.5,3118.71
2016/12/14,3149.38,3140.53,3170.02,3136.35
2016/12/15,3125.76,3117.68,3138.78,3100.91
2016/12/16,3111.51,3122.98,3128.87,3106.35
2016/12/19,3120.7,3118.08,3125.28,3110.08
2016/12/20,3115.9,3102.88,3117.01,3084.8
2016/12/21,3107.24,3137.43,3140.25,3107.24
2016/12/22,3132.16,3139.56,3143.17,3126.89
2016/12/23,3134.93,3110.15,3138.4,3103.75
2016/12/26,3095.58,3122.57,3122.88,3068.41
2016/12/27,3117.39,3114.66,3127.88,3113.75
2016/12/28,3113.77,3102.24,3118.78,3094.55
2016/12/29,3095.84,3096.1,3111.8,3087.34
2016/12/30,3097.35,3103.64,3108.84,3089.99
2017/1/3,3105.31,3135.92,3136.46,3105.31
2017/1/4,3133.79,3158.79,3160.1,3130.11
2017/1/5,3157.91,3165.41,3168.5,3154.28
2017/1/6,3163.78,3154.32,3172.03,3153.03
2017/1/9,3148.53,3171.24,3173.14,3147.74
2017/1/10,3167.57,3161.67,3174.58,3157.33
2017/1/11,3156.69,3136.75,3167.03,3136.27
2017/1/12,3133.6,3119.29,3144.97,3115.98
2017/1/13,3116.08,3112.76,3130.51,3102.16
2017/1/16,3104.49,3103.43,3105.14,3044.29
2017/1/17,3087.03,3108.77,3108.91,3072.34
2017/1/18,3104.77,3113.01,3123.72,3098.59
2017/1/19,3104.97,3101.3,3115.78,3094.01
2017/1/20,3095.82,3123.14,3125.66,3095.21
2017/1/23,3125.42,3136.77,3145.84,3125.42
2017/1/24,3134.59,3142.55,3149.53,3131.22
2017/1/25,3137.65,3149.55,3151.47,3133.19
2017/1/26,3149.22,3159.17,3163.1,3148.91
2017/2/3,3160.08,3140.17,3162.68,3136.01
2017/2/6,3143.09,3156.98,3158.84,3135.39
2017/2/7,3154.4,3153.09,3159.54,3140.04
2017/2/8,3148.09,3166.98,3167.45,3132.03
2017/2/9,3164.69,3183.18,3186.84,3162.57
2017/2/10,3183.01,3196.7,3205.05,3182.8
2017/2/13,3198.99,3216.84,3219.41,3198.99
2017/2/14,3216.14,3217.93,3219.4,3205.29
2017/2/15,3215.46,3212.99,3236,3206.56
2017/2/16,3210.36,3229.62,3230.28,3207.79
2017/2/17,3227.71,3202.08,3238.4,3199.42
2017/2/20,3198.96,3239.96,3241.46,3198.96
2017/2/21,3242.22,3253.33,3254.34,3239.88
2017/2/22,3252.69,3261.22,3261.38,3243.84
2017/2/23,3258.83,3251.38,3264.08,3236.35
2017/2/24,3246.86,3253.43,3253.96,3233.53
2017/2/27,3249.19,3228.66,3251.65,3224.09
2017/2/28,3225.97,3241.73,3242.68,3225.97
2017/3/1,3240.07,3246.93,3259.98,3237.87
2017/3/2,3250.52,3230.03,3256.81,3228.66
2017/3/3,3219.2,3218.31,3221.16,3206.61
2017/3/6,3217.33,3233.87,3234.66,3215.07
2017/3/7,3233.09,3242.41,3242.66,3226.82
2017/3/8,3240.53,3240.66,3245.3,3230.61
2017/3/9,3233.7,3216.75,3233.87,3205.28
2017/3/10,3213.73,3212.76,3222.32,3208.45
2017/3/13,3209.45,3237.02,3237.12,3193.16
2017/3/14,3235.25,3239.33,3246.33,3231.52
2017/3/15,3235.4,3241.76,3243.71,3227.74
2017/3/16,3247.16,3268.94,3269.77,3247.16
2017/3/17,3271.87,3237.45,3274.19,3232.28
2017/3/20,3241.11,3250.81,3251.13,3228.12
2017/3/21,3250.25,3261.61,3262.22,3246.7
2017/3/22,3246.22,3245.22,3255.78,3229.13
2017/3/23,3245.81,3248.55,3262.09,3221.93
2017/3/24,3247.35,3269.45,3275.21,3241.12
2017/3/27,3268.92,3266.96,3283.24,3262.12
2017/3/28,3265.63,3252.95,3265.63,3246.09
2017/3/29,3252.87,3241.31,3262.1,3233.28
2017/3/30,3235.14,3210.24,3240.02,3195.85
2017/3/31,3206.25,3222.51,3226.25,3205.54
2017/4/5,3235.66,3270.31,3270.65,3233.24
2017/4/6,3272.19,3281,3286.67,3265.76
2017/4/7,3280.62,3286.62,3295.19,3275.05
2017/4/10,3285.46,3269.39,3285.46,3265.01
2017/4/11,3266.22,3288.97,3290.39,3244.4
2017/4/12,3283.84,3273.83,3284.93,3262.28
2017/4/13,3265.22,3275.96,3281.14,3261.49
2017/4/14,3276.14,3246.07,3276.71,3238.9
2017/4/17,3229.95,3222.17,3229.95,3199.91
2017/4/18,3215.4,3196.71,3225.05,3196.49
2017/4/19,3184.67,3170.69,3189.44,3147.07
2017/4/20,3165.66,3172.1,3178.18,3148.18
2017/4/21,3170.29,3173.15,3180.79,3158.63
2017/4/24,3164.25,3129.53,3164.25,3111.21
2017/4/25,3123.89,3134.57,3145.27,3117.45
2017/4/26,3132.92,3140.85,3152.95,3131.42
2017/4/27,3131.35,3152.19,3155,3097.33
2017/4/28,3144.02,3154.66,3154.73,3136.58
2017/5/2,3147.23,3143.71,3154.78,3136.54
2017/5/3,3138.31,3135.35,3148.29,3123.75
2017/5/4,3127.11,3127.37,3143.82,3111.39
2017/5/5,3114.77,3103.04,3117.61,3092.09
2017/5/8,3090.07,3078.61,3093.45,3067.69
2017/5/9,3064.85,3080.53,3084.21,3056.56
2017/5/10,3078.17,3052.78,3090.82,3051.59
2017/5/11,3036.79,3061.5,3063.56,3016.53
2017/5/12,3054.11,3083.51,3090.49,3051.87
2017/5/15,3085.93,3090.23,3098.91,3085.93
2017/5/16,3082.87,3112.96,3113.51,3060.53
2017/5/17,3107.8,3104.44,3119.58,3101.3
2017/5/18,3082.33,3090.14,3103.44,3077.96
2017/5/19,3086.71,3090.63,3095.48,3081.28
2017/5/22,3087.17,3075.68,3103.94,3063.15
2017/5/23,3069.39,3061.95,3084.24,3050.84
2017/5/24,3047.57,3064.08,3064.81,3022.3
2017/5/25,3055.34,3107.83,3114.66,3052.83
2017/5/26,3101.29,3110.06,3120.66,3100.39
2017/5/31,3125.33,3117.18,3143.28,3111.56
2017/6/1,3108.42,3102.62,3113.52,3097.68
2017/6/2,3094.23,3105.54,3110.39,3081.85
2017/6/5,3102.11,3091.66,3105.51,3084.83
2017/6/6,3084.54,3102.13,3102.86,3078.79
2017/6/7,3101.76,3140.32,3140.77,3098.95
2017/6/8,3136.47,3150.33,3153.26,3132.83
2017/6/9,3147.45,3158.4,3165.92,3146.11
2017/6/12,3149.53,3139.88,3164.95,3135.31
2017/6/13,3134.01,3153.74,3155.99,3131.04
2017/6/14,3146.75,3130.67,3149.17,3125.35
2017/6/15,3125.59,3132.49,3137.59,3117.08
2017/6/16,3126.37,3123.17,3134.25,3117.86
2017/6/19,3122.16,3144.37,3146.77,3121.78
2017/6/20,3148.02,3140.01,3150.46,3134.61
2017/6/21,3148.99,3156.21,3157.03,3132.62
2017/6/22,3152.24,3147.45,3186.98,3146.64
2017/6/23,3138.44,3157.87,3158.05,3118.09
2017/6/26,3157,3185.44,3187.89,3156.98
2017/6/27,3183.42,3191.2,3193.46,3172.46
2017/6/28,3183.63,3173.2,3193.44,3170.79
2017/6/29,3174.98,3188.06,3188.77,3174.28
2017/6/30,3176.95,3192.43,3193.24,3171.57
2017/7/3,3192,3195.91,3196.29,3177.02
2017/7/4,3192.89,3182.8,3193.06,3174.31
2017/7/5,3179.22,3207.13,3207.31,3174.71
2017/7/6,3203.86,3212.44,3215.95,3188.77
2017/7/7,3203.82,3217.96,3219.52,3195.29
2017/7/10,3208.46,3212.63,3223.34,3203.21
2017/7/11,3201.52,3203.04,3226.91,3199.22
2017/7/12,3201.93,3197.54,3215.2,3177.93
2017/7/13,3192.36,3218.16,3219.27,3190.34
2017/7/14,3212.03,3222.42,3222.98,3204.85
2017/7/17,3219.79,3176.46,3230.35,3139.5
2017/7/18,3159.73,3187.57,3187.67,3150.13
2017/7/19,3181.4,3230.98,3232.94,3179.73
2017/7/20,3227.51,3244.86,3246.24,3225.43
2017/7/21,3236.59,3237.98,3247.71,3231.96
2017/7/24,3230.9,3250.6,3261.1,3230.07
2017/7/25,3249.14,3243.69,3261.65,3233.14
2017/7/26,3244.46,3247.67,3264.85,3228.04
2017/7/27,3243.76,3249.78,3251.93,3220.64
2017/7/28,3240.17,3253.24,3256.37,3232.96
2017/7/31,3252.75,3273.03,3276.95,3251.19
2017/8/1,3274.37,3292.64,3292.64,3273.5
2017/8/2,3288.52,3285.06,3305.43,3282.04
2017/8/3,3279.99,3272.93,3293.37,3262.16
2017/8/4,3269.32,3262.08,3287.19,3261.31
2017/8/7,3257.67,3279.46,3280.1,3243.72
2017/8/8,3277.19,3281.87,3285.48,3269.66
2017/8/9,3277.81,3275.57,3277.94,3263.85
2017/8/10,3269.73,3261.75,3282.52,3236.18
2017/8/11,3237.92,3208.54,3245.12,3200.75
2017/8/14,3206.04,3237.36,3240.05,3206.04
2017/8/15,3235.23,3251.26,3263.59,3235.1
2017/8/16,3247.85,3246.45,3248.78,3228.87
2017/8/17,3253.85,3268.43,3269.14,3251.46
2017/8/18,3253.24,3268.72,3275.08,3248.08
2017/8/21,3274.58,3286.91,3287.52,3270.48
2017/8/22,3287.61,3290.23,3293.48,3274.94
2017/8/23,3283.8,3287.7,3299.46,3274.44
2017/8/24,3287.96,3271.51,3297.99,3266.36
2017/8/25,3271.46,3331.52,3331.91,3271.46
2017/8/28,3336.13,3362.65,3375.03,3336.13
2017/8/29,3362.06,3365.23,3374.59,3354.46
2017/8/30,3361.82,3363.63,3376.65,3357.08
2017/8/31,3361.46,3360.81,3367.36,3340.69
2017/9/1,3365.99,3367.12,3381.93,3358.47
2017/9/4,3369.72,3379.58,3381.4,3359.13
2017/9/5,3377.2,3384.32,3390.82,3371.57
2017/9/6,3372.43,3385.39,3391.01,3364.76
2017/9/7,3383.63,3365.5,3387.8,3363.18
2017/9/8,3364.43,3365.24,3380.89,3353.69
2017/9/11,3365.35,3376.42,3384.81,3360.05
2017/9/12,3381.49,3379.49,3391.07,3370.85
2017/9/13,3374.72,3384.15,3387.14,3366.54
2017/9/14,3383.47,3371.43,3391.64,3361.33
2017/9/15,3365.15,3353.62,3365.53,3345.33
2017/9/18,3352.51,3362.86,3371.75,3352.51
2017/9/19,3365.53,3356.84,3370.4,3344.71
2017/9/20,3352.18,3366,3370.1,3346.54
2017/9/21,3364.7,3357.81,3377.88,3356.88
2017/9/22,3347.16,3352.53,3356.45,3334.98
2017/9/25,3344.59,3341.55,3350.96,3334.94
2017/9/26,3336.35,3343.58,3347.16,3332.6
2017/9/27,3340.82,3345.27,3349.69,3340.3
2017/9/28,3343.84,3339.64,3344.6,3336.18
2017/9/29,3340.31,3348.94,3357.02,3340.31
2017/10/9,3403.25,3374.38,3410.17,3366.97
2017/10/10,3373.34,3382.99,3384.03,3358.8
2017/10/11,3381.49,3388.28,3395.78,3379.16
2017/10/12,3385.53,3386.1,3390.2,3372.53
2017/10/13,3384.49,3390.52,3395.75,3383.24
2017/10/16,3393.21,3378.47,3400.51,3374.77
2017/10/17,3373.23,3372.04,3382.41,3365.56
2017/10/18,3373.53,3381.79,3383.23,3371.92
2017/10/19,3374.64,3370.17,3378.74,3359.63
2017/10/20,3363.51,3378.65,3379.77,3360.1
2017/10/23,3382.28,3380.7,3385.29,3374.7
2017/10/24,3376.6,3388.25,3388.69,3374.12
2017/10/25,3384.86,3396.9,3398.3,3382.03
2017/10/26,3397.52,3407.57,3414.24,3391.45
2017/10/27,3404.5,3416.81,3421.1,3402.11
2017/10/30,3413.87,3390.34,3419.73,3357.28
2017/10/31,3381,3393.34,3397.1,3376.12
2017/11/1,3393.97,3395.91,3410.35,3388.6
2017/11/2,3391.65,3383.31,3391.65,3372.21
2017/11/3,3377.74,3371.74,3380.57,3347.36
2017/11/6,3369.68,3388.17,3389.38,3356.53
2017/11/7,3389.47,3413.57,3415.15,3387.95
2017/11/8,3409.15,3415.46,3434.49,3404.88
2017/11/9,3410.67,3427.79,3428.77,3408.62
2017/11/10,3423.18,3432.67,3438.79,3414.33
2017/11/13,3435.18,3447.84,3449.16,3435.08
2017/11/14,3446.55,3429.55,3450.49,3419.69
2017/11/15,3416.21,3402.52,3423.75,3396.38
2017/11/16,3393.19,3399.25,3409.65,3390.59
2017/11/17,3392.68,3382.91,3403.29,3373.3
2017/11/20,3361.36,3392.4,3393.11,3337.12
2017/11/21,3382.36,3410.5,3419.8,3377.6
2017/11/22,3417.33,3430.46,3442.18,3404.29
2017/11/23,3425.01,3351.92,3429.42,3342.33
2017/11/24,3340.38,3353.82,3360.75,3328.33
2017/11/27,3346.66,3322.23,3347.05,3315.26
2017/11/28,3311.23,3333.66,3333.8,3300.78
2017/11/29,3335.57,3337.86,3343.06,3305.57
2017/11/30,3328.64,3317.19,3340.92,3306.28
2017/12/1,3315.11,3317.62,3324.52,3302.44
2017/12/4,3310.38,3309.62,3324,3304.1
2017/12/5,3301.69,3303.68,3315.74,3300.51
2017/12/6,3291.31,3293.96,3296.2,3254.61
2017/12/7,3283.28,3272.05,3291.28,3259.16
2017/12/8,3264.48,3289.99,3297.13,3258.76
2017/12/11,3290.49,3322.2,3322.67,3288.29
2017/12/12,3320.31,3280.81,3320.31,3280.33
2017/12/13,3278.4,3303.04,3304.01,3273.32
2017/12/14,3302.93,3292.44,3309.53,3282.57
2017/12/15,3287.53,3266.14,3287.53,3259.39
2017/12/18,3268.03,3267.92,3280.54,3254.18
2017/12/19,3266.02,3296.54,3296.94,3266.02
2017/12/20,3296.74,3287.61,3300.21,3276.12
2017/12/21,3281.12,3300.06,3309.22,3267.4
2017/12/22,3297.69,3297.06,3307.33,3293.44
2017/12/25,3296.21,3280.46,3312.3,3270.44
2017/12/26,3277.84,3306.12,3307.3,3274.33
2017/12/27,3302.46,3275.78,3307.08,3270.35
2017/12/28,3272.29,3296.38,3304.1,3263.73
2017/12/29,3295.25,3307.17,3308.22,3292.77
2018/1/2,3314.03,3348.33,3349.05,3314.03
2018/1/3,3347.74,3369.11,3379.92,3345.29
2018/1/4,3371,3385.71,3392.83,3365.3
2018/1/5,3386.46,3391.75,3402.07,3380.24
2018/1/8,3391.55,3409.48,3412.73,3384.56
2018/1/9,3406.11,3413.9,3417.23,3403.59
2018/1/10,3414.11,3421.83,3430.21,3398.84
2018/1/11,3415.59,3425.34,3426.48,3405.64
2018/1/12,3423.88,3428.94,3435.42,3417.98
2018/1/15,3428.95,3410.49,3442.5,3402.31
2018/1/16,3403.47,3436.59,3437.58,3401.96
2018/1/17,3438.58,3444.67,3465.2,3430.51
2018/1/18,3449.88,3474.75,3476.55,3448.79
2018/1/19,3481.62,3487.86,3498.43,3474.29
2018/1/22,3476.99,3501.36,3503.39,3475.67
2018/1/23,3504.34,3546.5,3547.22,3504.34
2018/1/24,3553.48,3559.47,3569.49,3527.11
2018/1/25,3555.17,3548.31,3571.48,3528.03
2018/1/26,3535.49,3558.13,3574.9,3534.2
2018/1/29,3563.64,3523,3587.03,3510.27
2018/1/30,3511.5,3488.01,3523.05,3484.66
2018/1/31,3470.51,3480.83,3495.45,3454.73
2018/2/1,3478.67,3446.98,3495.09,3424.42
2018/2/2,3419.22,3462.08,3463.16,3388.86
2018/2/5,3411.67,3487.5,3487.72,3406.24
2018/2/6,3418.01,3370.65,3440.12,3364.22
2018/2/7,3412.74,3309.26,3425.54,3304.01
2018/2/8,3281.05,3262.05,3307.16,3225.71
2018/2/9,3172.85,3129.85,3180.11,3062.74
2018/2/12,3128.37,3154.13,3168.13,3113.61
2018/2/13,3176.11,3184.96,3219.22,3176.11
2018/2/14,3188.25,3199.16,3203.5,3171.38
2018/2/22,3237.57,3268.56,3269.92,3234.12
2018/2/23,3275.43,3289.02,3294.13,3258.49
2018/2/26,3307.3,3329.57,3335.99,3281.61
2018/2/27,3328.67,3292.07,3328.67,3284.63
2018/2/28,3264.06,3259.41,3277.83,3239.84
2018/3/1,3235.09,3273.75,3280.15,3228.58
2018/3/2,3248.45,3254.53,3269.94,3242.27
2018/3/5,3255.87,3256.93,3269.4,3236.72
2018/3/6,3266.49,3289.64,3290.25,3243.65
2018/3/7,3288.86,3271.67,3308.41,3264.76
2018/3/8,3268.35,3288.41,3289.5,3261.55
2018/3/9,3291.43,3307.17,3309.72,3283.56
2018/3/12,3319.21,3326.7,3333.56,3313.56
2018/3/13,3324.12,3310.24,3333.88,3307.38
2018/3/14,3298.67,3291.38,3304.98,3287.36
2018/3/15,3277.51,3291.11,3297.1,3273.2
2018/3/16,3290.21,3269.88,3300.57,3269.28
2018/3/19,3264.93,3279.25,3280.57,3251.05
2018/3/20,3257.22,3290.64,3292.57,3252.43
2018/3/21,3299.73,3280.95,3314.21,3268.88
2018/3/22,3281.26,3263.48,3288.8,3242.76
2018/3/23,3172.77,3152.76,3188.24,3110.66
2018/3/26,3117.32,3133.72,3134.28,3091.46
2018/3/27,3164.8,3166.65,3172.78,3143.57
2018/3/28,3130.57,3122.29,3165.21,3117.53
2018/3/29,3127.26,3160.53,3174.51,3098.25
2018/3/30,3161.79,3168.9,3177.72,3152.89
2018/4/2,3169.78,3163.18,3192.34,3159.99
2018/4/3,3130.01,3136.63,3144.33,3119.13
2018/4/4,3147.05,3131.11,3163.34,3128.87
2018/4/9,3125.44,3138.29,3146.09,3110.3
2018/4/10,3144.26,3190.32,3190.65,3139.08
2018/4/11,3197.37,3208.08,3220.85,3191.59
2018/4/12,3203.28,3180.16,3205.25,3177.05
2018/4/13,3192.04,3159.05,3197.9,3155.51
2018/4/16,3152.89,3110.65,3153.11,3096.1
2018/4/17,3112.97,3066.8,3118.76,3064.03
2018/4/18,3091.91,3091.4,3096.89,3041.63
2018/4/19,3094.27,3117.38,3127.44,3090.29
2018/4/20,3105.46,3071.54,3111.17,3065.92
2018/4/23,3063.44,3068.01,3085.06,3045.94
2018/4/24,3069.75,3128.93,3136.04,3069.75
2018/4/25,3112.4,3117.97,3122.91,3107
2018/4/26,3119.5,3075.03,3121.93,3067.93
2018/4/27,3082.41,3082.23,3088.03,3049.91
2018/5/2,3087.41,3081.18,3097.6,3064.76
2018/5/3,3074.52,3100.86,3105.66,3056.16
2018/5/4,3093.12,3091.03,3104.09,3086.78
2018/5/7,3094.9,3136.64,3136.84,3091.66
2018/5/8,3135.3,3161.5,3169.7,3134.06
2018/5/9,3160.14,3159.15,3165.37,3145.66
2018/5/10,3169.05,3174.41,3176.14,3155.53
2018/5/11,3179.8,3163.26,3180.76,3162.21
2018/5/14,3167.04,3174.03,3183.82,3163.48
2018/5/15,3180.42,3192.12,3192.81,3164.52
2018/5/16,3180.23,3169.57,3191.95,3166.81
2018/5/17,3170.01,3154.28,3172.77,3148.62
2018/5/18,3151.08,3193.3,3193.45,3144.78
2018/5/21,3206.18,3213.84,3219.74,3203.34
2018/5/22,3211.25,3214.35,3214.59,3192.23
2018/5/23,3205.44,3168.96,3205.44,3168.96
2018/5/24,3167.94,3154.65,3173.53,3152.07
2018/5/25,3148.41,3141.3,3156.73,3131.07
2018/5/28,3136.81,3135.08,3149.66,3115.96
2018/5/29,3129.62,3120.46,3143.21,3112.15
2018/5/30,3081.14,3041.44,3085.4,3041
2018/5/31,3061.83,3095.47,3098.08,3054.27
2018/6/1,3084.75,3075.14,3102.09,3059.79
2018/6/4,3083.43,3091.19,3098.4,3076.99
2018/6/5,3088.01,3114.21,3114.77,3080.05
2018/6/6,3109.17,3115.18,3117.53,3103.53
2018/6/7,3121.18,3109.5,3128.72,3105.58
2018/6/8,3100.6,3067.15,3100.68,3053.29
2018/6/11,3057.34,3052.78,3063.61,3037.91
2018/6/12,3053.03,3079.8,3081.45,3034.1
2018/6/13,3071.46,3049.8,3071.46,3044.12
2018/6/14,3038.07,3044.16,3066.05,3032.41
2018/6/15,3037.45,3021.9,3048.8,3008.73
2018/6/19,2982.65,2907.82,2984.97,2871.35
2018/6/20,2889.98,2915.73,2925.56,2872.16
2018/6/21,2912,2875.81,2940.59,2872.62
2018/6/22,2855.58,2889.76,2891.97,2837.14
2018/6/25,2903.45,2859.34,2908.62,2857.87
2018/6/26,2829.99,2844.51,2850.24,2803.79
2018/6/27,2842.4,2813.18,2854.26,2798.8
2018/6/28,2799.9,2786.9,2825.99,2782.45
2018/6/29,2789.81,2847.42,2848.37,2782.38
2018/7/2,2841.58,2775.56,2845.68,2756.82
2018/7/3,2774.57,2786.89,2786.89,2722.45
2018/7/4,2776.63,2759.13,2793.18,2754.16
2018/7/5,2755.34,2733.88,2777.52,2727.94
2018/7/6,2731.35,2747.23,2768.87,2691.02
2018/7/9,2752.45,2815.11,2815.79,2752.45
2018/7/10,2819.71,2827.63,2828.49,2800.63
2018/7/11,2780.7,2777.77,2794.36,2752.43
2018/7/12,2771.04,2837.66,2844.19,2771.04
2018/7/13,2831.43,2831.18,2835.46,2818.85
2018/7/16,2827.08,2814.04,2837.51,2804.49
2018/7/17,2806.89,2798.13,2806.92,2774.76
2018/7/18,2801.78,2787.26,2818.4,2786.04
2018/7/19,2791.02,2772.55,2805.01,2764.49
2018/7/20,2769.75,2829.27,2837.86,2753.84
2018/7/23,2815.2,2859.54,2863.57,2809.62
2018/7/24,2862.27,2905.56,2911.46,2862.27
2018/7/25,2911.45,2903.65,2912.31,2894.04
2018/7/26,2905.79,2882.23,2915.3,2875.7
2018/7/27,2879.69,2873.59,2889.69,2864.11
2018/7/30,2871.94,2869.05,2896.01,2850.3
2018/7/31,2866.9,2876.4,2884.68,2854.32
2018/8/1,2882.51,2824.53,2897.4,2823.93
2018/8/2,2815.34,2768.02,2815.34,2726.48
2018/8/3,2763.4,2740.44,2777.66,2740.43
2018/8/6,2736.53,2705.16,2760.47,2692.32
2018/8/7,2711.74,2779.37,2779.37,2696.04
2018/8/8,2771.13,2744.07,2779.91,2741.07
2018/8/9,2729.58,2794.38,2801.66,2726.22
2018/8/10,2791.4,2795.31,2806.11,2777.51
2018/8/13,2769.02,2785.87,2789.8,2742.56
2018/8/14,2780.74,2780.96,2789.44,2766.57
2018/8/15,2777.25,2723.26,2777.7,2721.24
2018/8/16,2691.43,2705.19,2732.95,2672.74
2018/8/17,2723.89,2668.97,2730.33,2665.59
2018/8/20,2673.07,2698.47,2698.47,2653.11
2018/8/21,2700.34,2733.83,2739.17,2696.29
2018/8/22,2731.96,2714.61,2731.96,2709.06
2018/8/23,2714.87,2724.62,2736.01,2700.8
2018/8/24,2717.08,2729.43,2748.82,2705.32
2018/8/27,2736.32,2780.9,2780.9,2736.32
2018/8/28,2782.29,2777.98,2791.39,2769.4
2018/8/29,2774.86,2769.29,2778.54,2762.35
2018/8/30,2769.33,2737.74,2780.53,2736.35
2018/8/31,2730.11,2725.25,2744.63,2710.54
2018/9/3,2716.4,2720.73,2722.85,2692.36
2018/9/4,2720.65,2750.58,2756.61,2712.38
2018/9/5,2741.38,2704.34,2745.47,2704.34
2018/9/6,2697.58,2691.59,2719.41,2683.74
2018/9/7,2696.68,2702.3,2728.55,2683.72
2018/9/10,2698.01,2669.48,2703.43,2667.32
2018/9/11,2668.49,2664.8,2680.57,2652.7
2018/9/12,2659.74,2656.11,2672.07,2647.17
2018/9/13,2679.21,2686.58,2689.06,2653.19
2018/9/14,2688.78,2681.64,2694.92,2675.29
2018/9/17,2671.29,2651.79,2671.29,2647.92
2018/9/18,2644.3,2699.95,2700.19,2644.3
2018/9/19,2694.8,2730.85,2746.08,2690.99
2018/9/20,2732.17,2729.24,2743.96,2724.08
2018/9/21,2733.87,2797.48,2797.49,2722.03
2018/9/25,2775.07,2781.14,2790.03,2771.16
2018/9/26,2785.32,2806.81,2827.34,2783.34
2018/9/27,2805.79,2791.77,2810.51,2786.32
2018/9/28,2794.26,2821.35,2821.76,2791.84
2018/10/8,2768.21,2716.51,2771.94,2710.18
2018/10/9,2713.73,2721.01,2734.31,2711.2
2018/10/10,2723.72,2725.84,2743.55,2703.06
2018/10/11,2643.07,2583.46,2661.29,2560.32
2018/10/12,2574.04,2606.91,2615.92,2536.67
2018/10/15,2605.91,2568.1,2611.97,2564.74
2018/10/16,2567.76,2546.33,2597.72,2536.44
2018/10/17,2574.31,2561.61,2582.55,2517.57
2018/10/18,2544.91,2486.42,2544.91,2485.62
2018/10/19,2460.08,2550.47,2553.39,2449.2
2018/10/22,2565.64,2654.88,2675.41,2565.64
2018/10/23,2652.65,2594.83,2659.81,2583.26
2018/10/24,2579.97,2603.3,2640.4,2577.77
2018/10/25,2540.93,2603.8,2606.1,2531.53
2018/10/26,2610.9,2598.85,2626.12,2580.85
2018/10/29,2593.59,2542.1,2595.54,2529.19
2018/10/30,2538.57,2568.05,2586.92,2521.78
2018/10/31,2573.01,2602.78,2612.92,2567.03
2018/11/1,2617.03,2606.24,2636.8,2603.65
2018/11/2,2649.25,2676.48,2676.48,2628.87
2018/11/5,2665.43,2665.43,2673.19,2639.27
2018/11/6,2660.72,2659.36,2660.86,2635.32
2018/11/7,2659.84,2641.34,2675.68,2639.25
2018/11/8,2660.09,2635.63,2662.37,2632.3
2018/11/9,2621.24,2598.87,2621.24,2598.16
2018/11/12,2593.2,2630.52,2631.17,2590.21
2018/11/13,2600.5,2654.88,2666.49,2597.35
2018/11/14,2648.31,2632.24,2658.31,2627.96
2018/11/15,2632.14,2668.17,2668.17,2631.89
2018/11/16,2669.78,2679.11,2695.57,2657.03
2018/11/19,2681.9,2703.51,2703.51,2674.18
2018/11/20,2684.29,2645.85,2690.83,2643.36
2018/11/21,2619.82,2651.51,2653.8,2617.78
2018/11/22,2655.9,2645.43,2658,2634.48
2018/11/23,2640.67,2579.48,2642.04,2577.35
2018/11/26,2580.84,2575.81,2595,2568.04
2018/11/27,2585.83,2574.68,2592.54,2566.17
2018/11/28,2575.45,2601.74,2601.96,2561.56
2018/11/29,2613.78,2567.44,2617.55,2567.44
2018/11/30,2564.56,2588.19,2590.21,2555.32
2018/12/3,2647.13,2654.8,2665.3,2629.18
2018/12/4,2651.56,2665.96,2666.08,2644.9
2018/12/5,2629.83,2649.81,2660.39,2625.91
2018/12/6,2629.82,2605.18,2633.68,2603.13
2018/12/7,2609.34,2605.89,2614.58,2599.28
2018/12/10,2589.19,2584.58,2599.76,2576.24
2018/12/11,2587.01,2594.09,2596.15,2583.2
2018/12/12,2608.11,2602.15,2610.01,2595.07
2018/12/13,2607.14,2634.05,2645.84,2599.46
2018/12/14,2627.28,2593.74,2629.16,2593.74
2018/12/17,2587.26,2597.97,2598.97,2573.87
2018/12/18,2583.63,2576.65,2599.15,2563.57
2018/12/19,2578.68,2549.56,2579.87,2547.08
2018/12/20,2544.51,2536.27,2554.86,2516.02
2018/12/21,2526.55,2516.25,2527.42,2498.69
2018/12/24,2506.74,2527.01,2529.44,2500.44
2018/12/25,2503.95,2504.82,2513.96,2462.84
2018/12/26,2501.12,2498.29,2513.83,2492.08
2018/12/27,2527.72,2483.09,2532,2483.09
2018/12/28,2483.62,2493.9,2505.11,2478.32
2019/1/2,2497.88,2465.29,2500.28,2456.42
2019/1/3,2461.78,2464.36,2488.48,2455.93
2019/1/4,2446.02,2514.87,2515.32,2440.91
2019/1/7,2528.7,2533.09,2536.98,2515.51
2019/1/8,2530.3,2526.46,2531.34,2520.16
2019/1/9,2536.42,2544.34,2574.41,2536.16
2019/1/10,2543.85,2535.1,2551.83,2531.66
2019/1/11,2539.55,2553.83,2554.79,2533.36
2019/1/14,2553.33,2535.77,2556.29,2533.01
2019/1/15,2537.37,2570.34,2571.5,2532.43
2019/1/16,2569.07,2570.42,2574.24,2563.01
2019/1/17,2573.58,2559.64,2582.56,2557.71
2019/1/18,2567.74,2596.01,2598.88,2565.9
2019/1/21,2599.06,2610.51,2618.98,2599.06
2019/1/22,2609.64,2579.7,2609.64,2573.06
2019/1/23,2575.26,2581,2589.51,2572.41
2019/1/24,2584.65,2591.69,2597.29,2569.7
2019/1/25,2596.26,2601.72,2617,2595.63
2019/1/28,2615.71,2596.98,2630.32,2591.1
2019/1/29,2592.35,2594.25,2601.74,2559.98
2019/1/30,2584.75,2575.58,2598.82,2575.41
2019/1/31,2581.33,2584.57,2606.63,2571.58
2019/2/1,2597.78,2618.23,2618.48,2590.55
2019/2/11,2613.17,2653.9,2654.1,2613.17
2019/2/12,2654.03,2671.89,2674.48,2648.83
2019/2/13,2674.52,2721.07,2727.07,2666.52
2019/2/14,2715.54,2719.7,2729.45,2707.49
2019/2/15,2712.79,2682.39,2715.63,2679.78
2019/2/18,2699.82,2754.36,2754.36,2699.82
2019/2/19,2759.5,2755.65,2780.78,2737.59
2019/2/20,2761.06,2761.22,2767.41,2739.98
2019/2/21,2759.94,2751.8,2794.01,2744.98
2019/2/22,2749.46,2804.23,2804.23,2736.33
2019/2/25,2838.39,2961.28,2961.8,2838.39
2019/2/26,2969.1,2941.52,2995.68,2938.62
2019/2/27,2939.93,2953.82,2997.49,2924.64
2019/2/28,2950.05,2940.95,2965.3,2930.2
2019/3/1,2954.4,2994.01,2994.01,2930.83
2019/3/4,3015.94,3027.58,3090.8,3006.94
2019/3/5,3019.88,3054.25,3054.96,3009.45
2019/3/6,3060.43,3102.1,3103.83,3050.11
2019/3/7,3103.67,3106.42,3129.94,3074.98
2019/3/8,3038.34,2969.86,3075.05,2969.58
2019/3/11,2969.08,3026.99,3028.25,2963.58
2019/3/12,3049.08,3060.31,3093.39,3029.9
2019/3/13,3062.33,3026.95,3065.29,3013.93
2019/3/14,3013.6,2990.68,3041.16,2968.82
2019/3/15,3000.88,3021.75,3048.12,2999.43
2019/3/18,3027.8,3096.42,3096.42,3009.51
2019/3/19,3099.9,3090.97,3113.43,3076.36
2019/3/20,3084.17,3090.64,3102.52,3053.45
2019/3/21,3094.12,3101.45,3125.02,3086.85
2019/3/22,3100.73,3104.15,3107.28,3064.88
2019/3/25,3058.8,3043.03,3087,3041.95
2019/3/26,3057.56,2997.1,3062.69,2988.49
2019/3/27,3012.26,3022.72,3022.76,2987.77
2019/3/28,3009.8,2994.94,3025.78,2991.78
2019/3/29,3000.68,3090.76,3093.03,2999.99
2019/4/1,3111.66,3170.36,3176.62,3111.66
2019/4/2,3183.27,3176.82,3193.27,3164.91
2019/4/3,3159.15,3216.3,3219.26,3152.33
2019/4/4,3233.69,3246.57,3254.14,3216.85
2019/4/8,3271.27,3244.81,3288.45,3210.52
2019/4/9,3240.39,3239.66,3251.65,3215.7
2019/4/10,3224.65,3241.93,3264.78,3204.88
2019/4/11,3241.55,3189.96,3254.13,3185.55
2019/4/12,3184.86,3188.63,3199.28,3168.04
2019/4/15,3233.46,3177.79,3253.98,3177.27
2019/4/16,3164.4,3253.6,3253.6,3153.21
2019/4/17,3250.15,3263.12,3275.33,3239.8
2019/4/18,3261.07,3250.2,3271.39,3241.83
2019/4/19,3250.15,3270.8,3274.33,3226.81
2019/4/22,3278.49,3215.04,3279.49,3206.88
2019/4/23,3211.87,3198.59,3231.58,3186.76
2019/4/24,3203.56,3201.61,3210.65,3156.61
2019/4/25,3190.59,3123.83,3193.75,3123.03
2019/4/26,3108.16,3086.4,3129.21,3085.8
2019/4/29,3090.63,3062.5,3107.76,3050.03
2019/4/30,3052.62,3078.34,3088.41,3052.62
2019/5/6,2984.73,2906.46,2986.54,2876.47
2019/5/7,2914.29,2926.39,2937.28,2889.07
2019/5/8,2873.14,2893.76,2929.43,2866.7
2019/5/9,2871.2,2850.95,2888.86,2845.04
2019/5/10,2878.23,2939.21,2941.45,2838.38
2019/5/13,2905.07,2903.71,2921.41,2892.17
2019/5/14,2872.83,2883.61,2909.2,2872.83
2019/5/15,2902.64,2938.68,2945.39,2902.64
2019/5/16,2933.5,2955.71,2956.17,2929.06
2019/5/17,2955.77,2882.3,2956.78,2873.8
2019/5/20,2874.8,2870.6,2882.63,2838.45
2019/5/21,2867.71,2905.97,2919.24,2862.5
2019/5/22,2905.52,2891.7,2912.4,2879.64
2019/5/23,2880.84,2852.52,2885.14,2846.96
2019/5/24,2847.84,2852.99,2871.86,2846.02
2019/5/27,2851.28,2892.38,2898.13,2833.04
2019/5/28,2890.27,2909.91,2924.04,2887.08
2019/5/29,2894.83,2914.7,2934.98,2890.66
2019/5/30,2903.42,2905.81,2907.85,2881.38
2019/5/31,2904.5,2898.7,2922.91,2895.58
2019/6/3,2901.74,2890.08,2920.83,2875.9
2019/6/4,2887.64,2862.28,2888.39,2851.97
2019/6/5,2882.94,2861.42,2888.77,2858.57
2019/6/6,2862.33,2827.8,2862.33,2822.19
2019/6/10,2833.01,2852.13,2861.13,2824.36
2019/6/11,2854.07,2925.72,2927.43,2854.07
2019/6/12,2917.22,2909.38,2924.7,2903.88
2019/6/13,2905.29,2910.74,2918.42,2885.92
2019/6/14,2913,2881.97,2924.32,2879.66
2019/6/17,2880.42,2887.62,2902.48,2877.39
2019/6/18,2891.09,2890.16,2898.33,2874.31
2019/6/19,2944.12,2917.8,2953.34,2916.21
2019/6/20,2917.33,2987.12,2997.39,2915.09
2019/6/21,2990.37,3001.98,3010.35,2989.25
2019/6/24,3004.29,3008.15,3012.83,2994.42
2019/6/25,3004.91,2982.07,3004.91,2948.99
2019/6/26,2964.62,2976.28,2986.91,2958.46
2019/6/27,2982.61,2996.79,3011.54,2981.05
2019/6/28,2992.24,2978.88,2992.24,2961.22
2019/7/1,3024.62,3044.9,3045.37,3014.69
2019/7/2,3042.58,3043.94,3048.48,3033.78
2019/7/3,3031.83,3015.26,3031.83,3006.32
2019/7/4,3015.68,3005.25,3024.5,2991.91
2019/7/5,3004.74,3011.06,3014.85,2990.92
2019/7/8,2997.81,2933.36,2997.81,2918.72
2019/7/9,2928.82,2928.23,2937.76,2912.81
2019/7/10,2935.19,2915.3,2936.75,2908.16
2019/7/11,2928.06,2917.76,2945.8,2907.89
2019/7/12,2915.34,2930.55,2938.53,2905.81
2019/7/15,2921.55,2942.19,2955,2886.7
2019/7/16,2938.64,2937.62,2944.82,2931.29
2019/7/17,2933.02,2931.69,2942.07,2924.46
2019/7/18,2921.74,2901.18,2921.74,2901.18
2019/7/19,2909.68,2924.2,2939.6,2909.68
2019/7/22,2925.79,2886.97,2927.16,2879.69
2019/7/23,2886.9,2899.94,2901.36,2883.05
2019/7/24,2907.93,2923.28,2936.45,2907.79
2019/7/25,2923.19,2937.36,2937.36,2916.15
2019/7/26,2928.06,2944.54,2948.33,2924.45
2019/7/29,2943.92,2941.01,2948.47,2932.98
2019/7/30,2946.26,2952.34,2965.63,2946.26
2019/7/31,2944.4,2932.51,2944.4,2926.49
2019/8/1,2920.85,2908.77,2927.34,2901.75
2019/8/2,2861.33,2867.84,2872.47,2851.44
2019/8/5,2854.58,2821.5,2863.69,2821.5
2019/8/6,2776.99,2777.56,2787.42,2733.92
2019/8/7,2789.02,2768.68,2792.69,2768.68
2019/8/8,2784.18,2794.55,2799.69,2782.24
2019/8/9,2805.59,2774.75,2808.33,2770.48
2019/8/12,2781.98,2814.99,2814.99,2776.62
2019/8/13,2798.05,2797.26,2802.04,2790.61
2019/8/14,2824.49,2808.91,2829.89,2807.72
2019/8/15,2762.34,2815.8,2815.9,2756.83
2019/8/16,2817.57,2823.82,2840.32,2811.8
2019/8/19,2835.52,2883.1,2883.1,2829.85
2019/8/20,2879.08,2880,2892.08,2875
2019/8/21,2875.47,2880.33,2885.59,2872.56
2019/8/22,2887.66,2883.44,2888.5,2867.55
2019/8/23,2885.15,2897.43,2902.46,2878.74
2019/8/26,2851.02,2863.57,2870.49,2849.24
2019/8/27,2879.52,2902.19,2919.64,2879.41
2019/8/28,2901.63,2893.76,2905.44,2887.01
2019/8/29,2896,2890.92,2898.6,2878.59
2019/8/30,2907.38,2886.24,2914.58,2874.1
2019/9/2,2886.94,2924.11,2928.48,2883.68
2019/9/3,2925.94,2930.15,2930.15,2915.2
2019/9/4,2927.75,2957.41,2957.41,2925.88
2019/9/5,2972.66,2985.86,3015.84,2972.66
2019/9/6,2996.62,2999.6,2999.94,2981.6
2019/9/9,3023.78,3024.74,3026.24,3005.69
2019/9/10,3027.41,3021.2,3027.41,3005.38
2019/9/11,3029.93,3008.81,3030.56,3004.22
2019/9/12,3016.63,3031.24,3033.47,3005.19
2019/9/16,3041.92,3030.75,3042.93,3020.05
2019/9/17,3023.71,2978.12,3023.71,2970.57
2019/9/18,2984.08,2985.66,2996.4,2982.4
2019/9/19,2992.92,2999.28,2999.28,2975.4
2019/9/20,3004.81,3006.45,3011.34,2996.19
2019/9/23,2998.4,2977.08,2998.4,2960.83
2019/9/24,2979.48,2985.34,3002.9,2973.76
2019/9/25,2977.67,2955.43,2977.67,2955.43
2019/9/26,2964.48,2929.09,2970.04,2928.26
2019/9/27,2929.49,2932.17,2939.08,2920.93
2019/9/30,2927.92,2905.19,2936.48,2905.19
2019/10/8,2905.76,2913.57,2933.02,2905.76
2019/10/9,2902.08,2924.86,2924.86,2891.54
2019/10/10,2923.71,2947.71,2949.24,2918.23
2019/10/11,2954.82,2973.66,2980.79,2943.01
2019/10/14,2993.96,3007.88,3026.38,2989.81
2019/10/15,3005.66,2991.05,3005.66,2986.3
2019/10/16,2992.61,2978.71,3010.42,2975.92
2019/10/17,2979.99,2977.33,2986.72,2969.57
2019/10/18,2982.34,2938.14,2987.2,2933.24
2019/10/21,2933.9,2939.62,2940.32,2917.69
2019/10/22,2945.6,2954.38,2954.64,2934.39
2019/10/23,2952.97,2941.62,2957.3,2934.63
2019/10/24,2944.01,2940.92,2953.04,2927.06
2019/10/25,2940.47,2954.93,2958.24,2920.52
2019/10/28,2958.69,2980.05,2980.13,2956.96
2019/10/29,2979.04,2954.18,2979.04,2954.18
2019/10/30,2949.46,2939.32,2953.3,2934.83
2019/10/31,2944.84,2929.06,2946.75,2923.52
