,balance,net_worth
0,10000.0,10017.019521638154
1,10000.0,10017.019521638154
2,10000.0,10017.019521638154
3,9995.76965249695,10016.994305891463
4,9987.307178208275,10016.938528161956
5,9987.307178208275,10016.938528161956
6,9979.709509579754,10013.981708001556
7,9988.213182981384,10010.536763168884
8,9986.635075299211,10008.840140014543
9,9983.631328361853,10007.55261441467
10,9986.477873948468,10006.527399413462
11,9990.49989298522,10005.453970463146
12,9990.49989298522,10004.550195426846
13,9988.027244261712,10003.930040997875
14,9988.027244261712,10003.025032175372
15,9984.319189147282,10001.912631578787
16,9988.6123921577,10001.64142959765
17,9988.6123921577,10001.294745797351
18,9990.619567596199,10000.81839298794
19,9990.619567596199,10000.608528179639
20,9985.67421091024,9999.148720938938
21,9982.865327164178,9998.752714600636
22,9982.865327164178,9998.17233131561
23,9980.273088906784,9997.542435663414
24,9988.018336125819,9997.576917938655
25,9984.67421380141,9997.197027077806
26,9984.67421380141,9996.721126844543
27,9981.478832050443,9996.652176233625
28,9979.109394666822,9996.386768767174
29,9989.677727460097,9995.817402947345
30,9988.184568747543,9995.671339273742
31,9988.53172686187,9995.215701741927
32,9988.53172686187,9995.059528066176
33,9988.99531034391,9995.194756313724
34,9989.180834117009,9995.077885830402
35,9989.180834117009,9995.052181298564
36,9989.441599825659,9995.186939035138
37,9988.20540642768,9994.558926108517
38,9986.96936600863,9993.695229461357
39,9986.96936600863,9993.642693871918
40,9984.409283374467,9993.737412697752
41,9990.557843958828,9996.535024065315
42,9992.607364153608,9997.400817211967
43,9987.661023508348,9994.54545133917
44,9988.254781351883,9994.838204219106
45,9988.254781351883,9994.430140928915
46,9983.310595235112,9991.909977720448
47,9984.246356069054,9991.43508287351
48,9985.868970119183,9992.286830691597
49,9984.199565855428,9992.538576048497
50,9990.630887859597,9995.925279110057
51,9990.630887859597,9996.046338834814
52,9990.8520771455,9995.671252325485
53,9991.009017024377,9995.423929875098
54,9991.310485243326,9995.46228627814
55,9988.837635898226,9993.99922161738
56,9987.928581034605,9993.740703877525
57,9988.945126425268,9993.443494052552
58,9985.236730547078,9990.955931669243
59,9984.401820423569,9990.834208463026
60,9987.547863996468,9991.002100536429
61,9987.547863996468,9991.157353877486
62,9987.121502029555,9990.956369129477
63,9987.121502029555,9991.047651108709
64,9987.229623777854,9991.050028691012
65,9987.924850742455,9991.246081794083
66,9986.203783616656,9991.446793945763
67,9986.203783616656,9991.389338627656
68,9987.059603072357,9991.238951465248
69,9984.587805820598,9989.633190732433
70,9983.370503995606,9989.490437232604
71,9982.9609211421,9989.54831556224
72,9985.99126957635,9989.034566248076
73,9981.04820389791,9985.31139376859
74,9981.801499256404,9985.612104002783
75,9982.344908362187,9985.453982122473
76,9981.276004800307,9985.389598494477
77,9982.319960948302,9985.890360614698
78,9982.663281375482,9985.840542316788
79,9982.663281375482,9985.766634041396
80,9978.957217632273,9983.17403060321
81,9978.957217632273,9983.036090770393
82,9976.487425720912,9981.090431047207
83,9982.663281375482,9985.67534603554
84,9982.663281375482,9985.553565309912
85,9982.663281375482,9985.426338491485
86,9982.663281375482,9985.357429305463
87,9981.31724601206,9985.381580225896
88,9979.973591840528,9985.350695622023
89,9975.033504912568,9981.296184453455
90,9978.739069234827,9984.051869209557
91,9979.422792417321,9983.96943431314
92,9979.422792417321,9984.048453192563
93,9978.1294670398,9984.17957699374
94,9978.1294670398,9983.853769841195
95,9976.89921259731,9983.903777214015
96,9976.89921259731,9983.419081471904
97,9995.11572069081,9997.506994499887
98,9994.225926592337,9997.507068611989
99,9994.651534798477,9997.382936241078
100,9994.651534798477,9997.519200071943
101,9996.506878154127,9998.952766653843
102,9996.201978006855,9998.962917240962
103,9996.511244938394,9999.026114555014
104,9996.975145335715,9999.48418293145
105,9996.975145335715,9999.669487842197
106,9997.10112510955,9999.825166633173
107,9996.771252160812,9999.739255443503
108,9996.771252160812,9999.820103769376
109,9996.771252160812,9999.496148431896
110,9995.539499268492,9999.554159582132
111,10001.725042302542,10004.360006394018
112,10001.725042302542,10004.493100152768
113,10001.057054705343,10004.391904914713
114,9999.819423894824,10003.461272608985
115,10000.308928212009,10003.448868264246
116,10001.70132487144,10004.467919292229
117,10001.041750411907,10004.45773916375
118,10000.704161871934,10004.555508789705
119,10004.881344086263,10007.467884218639
120,10003.991537275677,10007.25720154028
121,10005.848693375177,10008.84579091315
122,10004.924118005685,10008.777372306808
123,10005.297704431217,10009.116988455575
124,10005.297704431217,10009.00163457256
125,10001.583237658448,10005.947479660033
126,10002.0490081814,10005.82113846611
127,10001.769117410095,10005.613363894672
128,10000.6120912204,10005.761205319981
129,9999.37451547411,10005.203210747237
130,9998.101721453844,10005.337639944077
131,10000.318612117413,10004.981733693745
132,9997.843533260913,10003.202565619302
133,9995.369066986434,10001.16847180451
134,9995.369066986434,10001.100587060222
135,9991.658286220314,9998.437062187062
136,9990.86138270799,9997.582879670254
137,9988.38864451577,9996.313694588694
138,9987.79755023587,9996.453183045023
139,9987.202708060628,9996.523085362614
140,9984.730875390378,9993.366443112785
141,9987.927177529416,9993.183020237067
142,9995.778766326866,9999.335906795011
143,9995.778766326866,9998.825392043807
144,9997.741663526227,10000.871412248196
145,9996.958900760046,10001.085407059178
146,10006.559253950716,10008.802264271706
147,10005.320942243035,10007.735801110417
148,10004.183558079043,10007.891901547975
149,9999.231487217792,10003.680409507027
150,10007.588749544302,10010.205929398333
151,10010.374503653133,10012.464362306713
152,10010.374503653133,10012.546656587423
153,10009.614464413205,10012.413105675672
154,10009.614464413205,10012.569207510263
155,10013.330815947686,10015.357842688754
156,10012.62032872694,10015.227166498275
157,10016.33777779236,10018.255386242297
158,10012.61921239235,10015.11505533292
159,10013.177533934539,10015.37371004852
160,10013.177533934539,10015.259097018343
161,10009.46014177507,10012.435181630883
162,10008.775616627461,10012.13877108034
163,10009.472775408729,10011.856181590769
164,10006.995430896819,10010.19206744393
165,10006.011647333995,10010.299563183222
166,10014.720894866805,10017.330540182475
167,10014.874298227565,10017.465340138308
168,10009.916935449945,10013.235645180464
169,10006.200753787654,10009.947968102191
170,10017.051610110764,10018.621319886377
171,10017.051610110764,10018.746259364736
172,10017.051610110764,10018.835488574025
173,10014.572389837263,10016.730910481396
174,10013.843089541602,10017.002060368426
175,10013.843089541602,10016.613788329525
176,10013.176019158193,10016.75104549014
177,10008.219497028713,10012.519621435335
178,10007.67216265724,10011.852368231874
179,10021.61229501072,10024.05554160605
180,10021.61229501072,10024.119032485913
181,10022.21176350504,10024.145285858534
182,10022.321066160857,10024.335604932457
183,10022.466275872877,10024.443443495891
184,10022.528141441939,10024.460505098308
185,10022.528141441939,10024.395265565701
186,10022.582595083948,10024.340406050982
187,10021.883550199518,10024.451995073015
188,10022.053851741934,10024.387149062446
189,10022.053851741934,10024.269442251983
190,10022.053851741934,10024.013061099378
191,10022.053851741934,10024.202668670068
192,10021.41983157552,10024.23671949966
193,10021.41983157552,10024.122471715375
194,10016.45922875889,10020.084199771247
195,10017.773042039877,10019.753179433512
196,10018.492591626247,10020.387850891579
197,10016.013014709817,10018.512583350448
198,10016.013014709817,10018.11848497766
199,10016.013014709817,10018.446401543286
200,10016.81159133599,10018.53651040813
201,10016.214409104441,10018.409272489718
202,10018.073779756081,10020.116146501769
203,10018.162260488352,10020.351745962895
204,10019.556788477083,10021.247529977341
205,10019.111825668195,10021.340432231817
206,10016.632095491344,10019.2206044979
207,10015.856092324115,10018.951126507427
208,10015.856092324115,10018.963451088426
209,10018.335543166435,10021.161042228323
210,10018.335543166435,10021.322173684242
211,10014.616236096035,10018.654215215456
212,10022.984480794044,10025.437877473725
213,10025.076541968554,10026.990853171996
214,10025.250880399764,10027.180026986898
215,10024.772774675295,10027.274787189268
216,10023.915318104944,10027.010512956032
217,10018.953480022485,10022.931941067662
218,10018.312666617852,10022.906027181507
219,10021.158153478804,10022.873669018925
220,10020.273661031511,10022.94399146155
221,10021.16544886456,10022.975424244807
222,10017.44509119167,10020.276434062062
223,10018.37518060989,10020.537205311526
224,10018.37518060989,10020.900902425756
225,10017.634426240167,10020.904410036488
226,10017.634426240167,10021.077003576502
227,10018.301181288458,10021.030769604808
228,10018.301181288458,10020.830710237571
229,10017.520642582747,10021.078928849105
230,10017.868627891106,10020.915192045439
231,10017.868627891106,10021.128015898512
232,10021.791553141356,10024.183962981971
233,10023.099194891436,10025.142515769438
234,10022.376616778918,10025.03764596286
235,10018.655809459939,10021.819171024063
236,10018.655809459939,10021.989212394152
237,10019.028913643344,10022.159808740344
238,10019.028913643344,10022.34583545708
239,10023.214972771824,10025.709209702001
240,10023.214972771824,10025.75785123432
241,10023.285282197921,10025.523177776166
242,10023.332208476242,10025.272632649254
243,10022.091821115442,10024.321053285821
244,10017.130885663992,10020.25873135864
245,10017.130885663992,10020.097200875463
246,10017.745891279941,10020.147926236783
247,10012.787107063761,10016.209993696324
248,10011.548024659262,10014.77438132966
249,10010.96714241514,10014.608394279783
250,10014.3190819837,10017.161863497175
251,10016.83303666012,10019.180529616431
252,10018.71850266744,10020.965671928372
253,10018.092413745739,10021.356760396226
254,10025.12429919529,10027.122586797539
255,10025.12429919529,10026.819552986994
256,10025.12429919529,10027.095151063797
257,10023.88369006326,10026.133138711279
258,10024.29173862487,10025.959428712968
259,10021.81072641956,10023.695863829258
260,10021.943645461091,10023.937671550899
261,10019.463214408841,10021.809136414198
262,10020.716538723611,10022.75522471758
263,10021.65653195969,10023.514570200818
264,10021.856794178038,10023.484132336851
265,10019.376384621479,10021.440769804802
266,10021.321584326819,10023.1153963437
267,10021.321584326819,10023.123553502448
268,10022.29418417949,10024.04157905445
269,10017.333148558318,10019.66657019039
270,10016.093503581189,10018.949894719974
271,10015.275146059157,10018.930450183121
272,10018.307957742967,10020.877660129718
273,10018.307957742967,10021.116632947544
274,10017.918452518124,10021.302630556145
275,10017.157498975266,10021.205917966936
276,10012.199006013276,10017.48193007844
277,10011.53643728622,10016.408824313776
278,10024.76212097369,10028.150847986499
279,10037.98780466116,10039.628086263721
280,10037.98780466116,10039.536677572674
281,10037.98780466116,10039.67935950142
282,10037.98780466116,10039.734370921236
283,10037.98780466116,10039.612258498124
284,10037.63322788015,10039.417513891063
285,10037.455074180209,10039.412324647816
286,10036.794844890575,10039.259943305302
287,10038.968619729405,10041.055690668976
288,10038.239232887685,10041.375656640643
289,10036.997000782614,10040.26677374571
290,10036.997000782614,10040.455110387535
291,10036.823563494243,10040.167779442143
292,10038.695013493008,10040.05223060317
293,10038.695013493008,10040.0252128214
294,10037.452724985089,10039.194102024663
295,10038.384441366028,10039.814300169079
296,10038.393541029456,10039.602135999137
297,10038.393541029456,10039.67176364786
298,10038.393541029456,10039.751283639363
299,10038.393541029456,10040.021000428093
300,10038.40151495552,10039.802764996648
301,10038.012960311778,10039.991242058444
302,10037.829477210811,10039.868053400516
303,10034.1029330174,10036.367875796768
304,10034.806399715784,10037.366011067474
305,10034.806399715784,10036.984488080485
306,10035.759893402485,10037.615702275109
307,10035.759893402485,10037.850760433552
308,10035.541019104652,10038.0274811522
309,10036.566620691383,10038.754354618566
310,10035.97865222281,10038.6326424691
311,10036.717840822088,10038.433806767953
312,10037.143020829468,10038.827022016765
313,10038.418560851618,10039.826568345712
314,10037.998686821986,10040.10596583255
315,10037.998686821986,10039.727902279881
316,10037.59743848995,10040.006901554814
317,10038.262457090119,10039.619314139009
318,10038.05491384058,10039.933409380643
319,10039.29714881964,10040.910729425945
320,10039.29714881964,10040.59177803323
321,10038.597390125255,10040.710174531872
322,10039.342164354646,10040.848691711632
323,10039.342164354646,10040.721852601853
324,10038.989325386563,10040.756673024332
325,10036.504675528533,10038.746051373208
326,10036.88123693258,10038.789924926854
327,10038.744757073971,10040.220326203562
328,10038.793258024138,10040.423480369534
329,10035.066356027097,10037.25951402323
330,10035.066356027097,10037.160334804908
331,10039.103844714376,10040.655568867713
332,10039.103844714376,10040.513346974474
333,10039.103844714376,10040.461436197647
334,10039.103844714376,10040.50653645326
335,10038.443260686607,10040.426703374742
336,10034.716488626076,10036.980574374666
337,10034.716488626076,10037.173764293277
338,10030.991100129677,10033.982912549007
339,10030.991100129677,10034.001645681526
340,10030.400130140559,10033.648137855174
341,10026.67634409225,10030.918002830409
342,10025.43554289467,10029.753849682802
343,10027.787717071194,10029.99367638035
344,10031.978612971294,10033.53817845694
345,10031.819375817322,10033.434335138596
346,10031.66553323784,10033.386938980673
347,10033.605463388409,10034.959989372372
348,10033.762053881474,10034.896223376778
349,10033.343569586083,10034.935685309016
350,10036.501082111192,10037.827129601455
351,10036.197320086114,10037.853694739413
352,10034.955340667753,10036.901468908176
353,10034.955340667753,10036.961349649207
354,10035.30267044269,10037.11942353465
355,10035.30267044269,10036.98749588706
356,10035.386873880352,10037.057347929118
357,10035.386873880352,10036.986832069751
358,10035.554839880067,10036.87140306258
359,10035.554839880067,10036.659866455622
360,10033.071040057197,10034.83527092451
361,10033.803986519428,10035.385296361881
362,10033.803986519428,10035.473950504638
363,10033.803986519428,10035.215916706748
364,10033.803986519428,10035.221274216146
365,10034.903406212768,10036.350366231389
366,10034.746135043853,10036.312560139586
367,10034.24571564707,10036.407110176973
368,10033.00397773976,10035.246563453686
369,10033.00397773976,10035.366979941808
370,10033.00397773976,10035.551680403123
371,10036.658165939669,10038.738812808439
372,10035.416129491628,10037.621562322334
373,10034.174246745608,10036.819277502687
374,10032.932517682579,10035.480635440115
375,10031.690942283518,10034.185697182891
376,10031.690942283518,10034.22736282232
377,10031.690942283518,10034.361729699875
378,10031.046711775363,10034.105312241572
379,10026.081343653033,10030.09792695113
380,10039.995693899144,10042.102727404043
381,10039.572263185579,10042.478502191558
382,10039.572263185579,10042.11647027143
383,10034.602674915299,10037.948545365607
384,10034.602674915299,10037.782693767716
385,10034.602674915299,10037.721171577236
386,10033.908073874498,10037.677121890274
387,10034.527678889797,10037.854691537332
388,10040.925078493787,10043.091941238614
389,10040.925078493787,10042.745028661948
390,10044.123778295776,10045.670600808264
391,10044.32116641887,10045.764210761008
392,10044.153968417835,10045.876433457048
393,10044.153968417835,10045.926688953989
394,10043.629174472144,10045.956823916371
395,10045.271981173673,10046.918669313281
396,10041.542673950664,10043.986042826406
397,10041.033943931872,10044.078338824553
398,10050.323181465843,10051.935035864683
399,10050.323181465843,10052.08763523989
400,10045.348271491013,10047.69788827274
401,10045.047577811656,10047.533796021104
402,10044.695470753535,10047.947928290158
403,10040.966377560015,10044.713951073603
404,10040.799353728049,10044.533369142502
405,10049.807032848848,10052.001344722883
406,10056.562792189448,10057.985684332563
407,10058.251732024599,10059.54225490914
408,10054.517606069088,10056.508295988006
409,10054.19519516086,10056.376662209266
410,10054.19519516086,10056.481563021855
411,10052.950988505461,10054.869356659381
412,10047.97477776615,10050.532118786696
413,10047.97477776615,10050.503509357064
414,10057.72929006823,10058.955314342702
415,10052.750714069649,10054.728702184388
416,10047.774602466188,10050.189900245097
417,10051.076150391867,10053.439858476964
418,10050.538226683731,10053.222264729344
419,10051.316191665224,10053.146301351859
420,10053.176182474164,10054.656197334738
421,10053.176182474164,10055.207071445102
422,10053.732709501191,10055.270451733064
423,10053.732709501191,10055.052735197867
424,10050.000261232792,10051.666163920547
425,10050.157130797985,10051.858801956523
426,10051.118526055814,10052.650652284023
427,10049.874700138214,10051.54454387699
428,10049.525639364649,10051.199404447727
429,10051.490396283029,10052.951786629013
430,10050.970203637327,10053.145044929795
431,10050.970203637327,10053.544900014947
432,10050.970203637327,10053.711435997951
433,10049.726396074628,10052.57348911254
434,10049.995303236237,10051.70748947832
435,10049.995303236237,10051.731432434633
436,10046.264242479907,10048.622294668716
437,10043.777792079896,10046.469236378241
438,10047.603463505986,10050.26547848225
439,10047.275121272041,10050.419616766296
440,10047.275121272041,10050.157076860998
441,10044.788420679532,10048.11670383779
442,10044.229544533871,10047.743674449874
443,10044.229544533871,10048.094537477182
444,10041.743597721601,10046.566629598674
445,10041.743597721601,10046.310513991379
446,10041.743597721601,10046.570703391339
447,10041.743597721601,10045.335764479614
448,10041.453295069861,10045.703801181782
449,10054.650267744331,10057.754621570419
450,10061.248754081562,10063.312185856768
451,10061.248754081562,10063.276012974942
452,10060.94643380713,10063.253787743402
453,10060.667212306875,10063.08323330369
454,10060.667212306875,10063.172793077683
455,10060.667212306875,10063.181633902637
456,10060.667212306875,10062.834766160408
457,10056.932189604304,10059.91608839964
458,10057.807408905202,10059.836295124638
459,10057.409481620198,10059.688343598204
460,10060.257190913937,10062.6182545779
461,10060.108663596917,10062.453712340988
462,10056.373848255556,10059.310453466442
463,10057.283349364476,10059.553378971133
464,10057.283349364476,10059.367264463483
465,10057.854359900166,10059.18366180265
466,10058.000826282236,10059.221409581794
467,10058.106473938875,10059.39730231841
468,10054.372401910425,10056.055262813135
469,10054.475317359196,10055.810813981505
470,10055.234882671386,10056.601742202478
471,10055.438680570169,10056.715354107031
472,10054.194320033448,10055.37842689863
473,10053.847168539765,10055.29072546437
474,10053.487486585389,10055.335669402355
475,10054.07033135478,10055.934607432653
476,10054.07033135478,10055.871492371401
477,10054.4153145104,10055.536638444404
478,10054.99526106812,10056.228330717453
479,10054.99526106812,10056.35905508035
480,10054.99526106812,10056.165532995503
481,10051.26234407745,10052.765057176408
482,10050.820570848064,10052.942373577667
483,10050.820570848064,10052.867855134355
484,10054.842768194874,10056.311830640814
485,10054.951026727345,10056.372321293478
486,10055.21570109602,10056.484457062581
487,10055.21570109602,10056.434554709753
488,10054.855569712045,10056.24916449063
489,10054.855569712045,10056.265426624554
490,10052.366992958545,10054.126548409731
491,10052.786250711746,10053.740783259907
492,10053.658217909877,10054.882578504034
493,10052.414077705407,10053.798389527437
494,10049.926105221177,10051.400814496516
495,10049.926105221177,10051.809670804336
496,10047.438748510136,10049.268226225817
497,10048.059647196065,10049.44177288049
498,10047.781292840507,10049.381968448979
499,10048.107919092026,10049.248505032569
500,10048.107919092026,10049.383091578326
501,10045.621012382046,10046.904996531666
502,10045.872165739225,10046.912497263493
503,10045.745772928423,10046.980325274995
504,10045.745772928423,10047.096100077235
505,10045.802130407961,10047.045675356545
506,10045.850863455265,10047.225247457647
507,10045.917648040799,10047.114282332792
508,10045.662330222744,10047.00646068686
509,10045.37715315172,10047.160058107396
510,10045.081924957025,10047.212496474658
511,10045.081924957025,10047.108035764175
512,10045.081924957025,10046.936041072087
513,10043.838846068815,10045.896837554536
514,10043.705112723801,10045.903141650751
515,10044.485785270781,10045.73814755174
516,10044.485785270781,10045.899182972269
517,10044.485785270781,10045.950221866204
518,10044.485785270781,10045.77954441421
519,10044.120002892038,10045.720489931191
520,10045.711274440957,10047.11334166777
521,10045.711274440957,10047.19839179373
522,10045.711274440957,10047.33641594403
523,10045.711274440957,10047.155571820513
524,10044.468117670747,10045.971800293522
525,10044.03691178404,10046.31504869812
526,10039.06511351271,10041.311949192268
527,10038.652277214787,10041.12011470386
528,10038.652277214787,10041.208028043851
529,10033.683144337567,10038.028346385823
530,10033.683144337567,10037.99209113542
531,10032.441476048456,10035.88834665248
532,10032.441476048456,10035.551469891718
533,10032.310430024456,10036.199044711959
534,10032.037239811365,10036.388324279058
535,10033.58456440992,10036.187491952547
536,10034.234451797975,10035.7653958785
537,10030.509242257745,10032.560137773497
538,10030.16978130256,10032.422814122609
539,10030.16978130256,10031.563621482697
540,10030.088072379845,10031.79475123371
541,10025.123178784015,10027.62180305487
542,10020.160742810514,10023.221874924062
543,10019.84536837332,10022.445884399001
544,10019.45108622978,10023.102548274888
545,10019.198573334435,10022.550873450973
546,10019.198573334435,10022.342475107578
547,10019.198573334435,10022.590613714548
548,10048.945621210665,10050.003181962542
549,10048.945621210665,10050.355075142077
550,10049.152138010835,10050.612080264773
551,10049.651186055398,10050.716793293115
552,10050.580781301529,10051.3453668602
553,10050.22543085495,10051.362325487667
554,10050.22543085495,10051.603720513023
555,10050.03487703191,10051.434764106905
556,10049.933532578832,10051.531578526026
557,10049.933532578832,10051.404680752687
558,10054.751410250352,10056.068066744792
559,10054.751410250352,10056.379130578689
560,10054.751410250352,10056.047447911924
561,10054.751410250352,10056.080938308005
562,10054.506428809786,10055.722478557804
563,10054.506428809786,10055.394488003529
564,10055.05256350352,10056.0991009358
565,10054.848772305422,10056.044826844138
566,10054.848772305422,10056.05578284956
567,10054.944489345728,10056.067270117635
568,10055.245521202303,10056.509157347278
569,10055.245521202303,10056.305503524241
570,10055.138904169564,10056.181223955833
571,10055.138904169564,10056.319952756186
572,10056.722730298934,10057.532392636722
573,10056.615777132845,10057.622963827458
574,10056.399952072377,10057.639983928562
575,10056.651127565972,10057.532333081655
576,10056.700094518354,10057.678448591283
577,10056.337850533742,10057.724162574894
578,10055.993663788822,10057.648623233348
579,10059.993488575232,10061.15566528223
580,10057.503640186811,10059.076267277478
581,10055.01440803586,10056.746031244951
582,10052.52579196987,10054.81401228239
583,10047.54979170284,10050.740968299038
584,10046.94988496118,10050.725445846409
585,10046.94988496118,10050.553356716351
586,10063.012679065449,10064.76808596759
587,10063.012679065449,10064.893315642272
588,10063.012679065449,10064.702112951454
589,10061.767381246418,10063.665699113226
590,10062.3755260819,10063.816301490944
591,10062.3755260819,10063.675362796625
592,10061.795155708944,10063.723135340968
593,10061.795155708944,10063.875867598625
594,10066.768230595593,10067.995070298623
595,10066.768230595593,10068.104300831177
596,10063.030942889984,10064.824824758076
597,10065.728432557224,10067.429273429694
598,10065.728432557224,10067.522647196836
599,10065.728432557224,10067.385457835617
600,10065.086941615755,10067.35296839621
601,10065.573439679614,10067.337988551004
602,10065.935409635062,10067.331078670368
603,10065.935409635062,10067.242022529113
604,10065.810586681608,10067.029871154418
605,10065.410766020537,10067.121315936136
606,10065.410766020537,10067.126381369646
607,10065.704193639856,10066.991831840885
608,10065.969223592885,10067.255595627437
609,10065.969223592885,10067.155954598751
610,10064.723559901466,10066.022408486642
611,10059.741521739315,10061.556941954917
612,10064.969416395965,10066.21799404919
613,10065.015018595368,10066.209547862922
614,10065.015018595368,10066.384600342166
615,10064.659174179636,10066.08379835701
616,10064.659174179636,10066.434164203663
617,10059.677167888416,10062.016275763215
618,10059.677167888416,10061.719438188871
619,10055.942512739835,10058.238546870409
620,10055.815799318392,10058.344715858939
621,10055.344749385418,10058.955489184944
622,10052.856051559947,10056.577756846871
623,10068.776012252347,10070.730714001973
624,10068.776012252347,10070.544194379825
625,10068.776012252347,10070.737561209422
626,10068.776012252347,10070.436696571594
627,10065.037979157796,10067.130715869347
628,10065.037979157796,10066.95879824753
629,10061.301333808036,10063.685174136976
630,10061.301333808036,10064.053590082754
631,10067.691999812256,10069.775825325483
632,10068.124192824705,10069.182517072712
633,10068.124192824705,10069.406419621519
634,10066.878262455846,10068.249010429821
635,10068.300060890806,10069.4178246029
636,10068.300060890806,10069.557623967594
637,10068.420492732397,10069.599121961284
638,10067.98692795048,10069.619426406456
639,10069.01026562965,10070.441124851988
640,10067.764225609279,10069.073188914903
641,10067.619939088208,10069.424518406135
642,10067.619939088208,10069.41643588166
643,10067.307957991772,10069.563033634327
644,10067.307957991772,10069.354844977264
645,10067.307957991772,10068.574909031655
646,10067.812284153622,10068.829587614926
647,10067.40266412291,10069.120780631836
648,10067.547408629525,10069.004122471451
649,10067.547408629525,10068.876399006105
650,10070.782399012634,10071.951474524241
651,10068.289880368875,10069.664303331301
652,10069.182592561745,10070.661800541946
653,10069.411569380582,10070.63638311486
654,10069.411569380582,10070.561104672777
655,10068.165479698871,10069.806516435629
656,10069.123291612052,10070.14353610554
657,10069.123291612052,10070.42702975456
658,10068.575120644779,10070.321257495832
659,10067.329134473599,10069.449265654668
660,10070.92314153045,10072.344057087323
661,10070.996289062365,10072.042214823816
662,10070.866928479574,10072.31927768012
663,10069.620658697175,10071.161831094223
664,10069.620658697175,10071.279986950807
665,10073.511704346534,10074.691334347357
666,10073.511704346534,10074.586855874179
667,10074.160211954764,10075.13240609282
668,10073.740445453632,10075.35897017776
669,10071.247194693382,10073.13397270363
670,10071.247194693382,10073.025842153971
671,10071.11806977563,10072.99572323859
672,10068.62546805336,10070.905226202389
673,10068.62546805336,10070.626125894005
674,10066.13348325002,10067.895041563828
675,10075.96800353486,10076.962324353262
676,10070.98039937311,10072.423917190616
677,10070.98039937311,10072.713580694977
678,10070.98039937311,10072.96275379559
679,10077.17973256563,10078.768292851339
680,10077.17973256563,10078.515821258137
681,10077.17973256563,10078.558412673563
682,10072.19152859801,10074.153721091438
683,10069.69866119468,10072.120909464156
684,10072.08554013679,10074.558981526296
685,10072.08554013679,10073.894679671437
686,10069.592698965609,10071.896775592651
687,10068.34658686911,10070.670110097459
688,10071.07148439262,10073.19992741346
689,10070.923618363488,10073.231248231472
690,10073.278865280168,10075.326962893787
691,10073.278865280168,10075.341845476712
692,10073.278865280168,10075.62877189903
693,10073.058452785324,10074.789393121624
694,10075.448172102624,10077.221877133657
695,10075.207807442315,10077.105101730956
696,10075.411453433047,10076.882432568063
697,10075.411453433047,10076.505682631858
698,10075.411453433047,10076.733831498646
699,10079.035015198477,10080.10007139221
700,10078.77968830487,10080.425080420579
701,10078.264397557565,10080.437400731404
702,10078.264397557565,10080.325482682016
703,10073.275656680775,10075.796904161047
704,10072.914597112116,10075.785039112943
705,10072.914597112116,10076.257399262016
706,10069.175027567937,10073.414899465111
707,10075.068810789417,10077.66608359294
708,10074.653307251283,10077.380104987507
709,10074.439942237666,10077.427986891247
710,10070.699806409106,10073.627624601277
711,10092.376397345015,10093.86888047822
712,10092.521186092687,10093.773314045951
713,10092.521186092687,10093.990467643955
714,10090.023287099126,10091.095915473306
715,10093.981810462896,10095.087503927902
716,10093.715333074259,10095.479972524772
717,10088.718943984388,10091.090909434368
718,10088.718943984388,10091.363690475091
719,10088.718943984388,10091.172147570594
720,10091.582237222317,10093.544752431375
721,10091.582237222317,10093.63856052648
722,10091.442716629428,10093.666199954769
723,10086.447452484697,10088.856000252475
724,10097.572935354987,10098.831897156406
725,10100.354306072557,10101.408137492383
726,10100.402315917909,10101.500695207664
727,10100.402315917909,10101.533848771713
728,10100.265771279877,10101.555439847189
729,10097.765955501487,10099.465192943479
730,10097.765955501487,10099.414991063899
731,10097.765955501487,10099.188186288695
732,10097.297509779644,10099.10321399
733,10093.548888079134,10095.431382744475
734,10093.548888079134,10095.473977151089
735,10093.548888079134,10095.440171915383
736,10093.548888079134,10095.033702909966
737,10094.24612969912,10095.212083198203
738,10090.49864082347,10091.743555806603
739,10088.001242409871,10089.575341227533
740,10088.001242409871,10089.77995816541
741,10088.001242409871,10089.556771725149
742,10083.007681794881,10085.273021794157
743,10078.016592992391,10081.106920170974
744,10078.016592992391,10081.050554438694
745,10075.52228388562,10078.083962796889
746,10075.52228388562,10077.56471505474
747,10075.52228388562,10077.80147572797
748,10076.686658166527,10077.79390544102
749,10079.432148836957,10080.539568161368
750,10076.937489380118,10078.098654329506
751,10076.937489380118,10078.299506753287
752,10073.196426337188,10074.825063982425
753,10070.703310221668,10072.885628843478
754,10070.703310221668,10072.680632107038
755,10070.703310221668,10072.814304233489
756,10069.457060687027,10072.109868009555
757,10069.457060687027,10071.020628351882
758,10069.351225507067,10071.375002690695
759,10065.612978864598,10068.229632359353
760,10078.891669445167,10080.082138708967
761,10078.891669445167,10080.141705475437
762,10078.62557065544,10079.91758198626
763,10078.92209951303,10079.950811564247
764,10078.92209951303,10080.160634892476
765,10078.92209951303,10080.119437859148
766,10073.93303307377,10074.939564444534
767,10076.20130202431,10077.685795599908
768,10075.913790119275,10078.128918260009
769,10074.666895787745,10076.628364264328
770,10077.303286039094,10078.80610964157
771,10077.303286039094,10079.15266960785
772,10073.562087194154,10075.76321727001
773,10074.455799838715,10075.786910054989
774,10074.664385404058,10075.698371541477
775,10074.664385404058,10075.848940539845
776,10075.210496479007,10076.224573769221
777,10075.256005735257,10075.91087909006
778,10075.256005735257,10076.091533559356
779,10071.515566943126,10072.472926955219
780,10067.776516788896,10069.036659832647
781,10067.776516788896,10069.305192143516
782,10067.58754851503,10069.115381931364
783,10067.315226658311,10069.05272653549
784,10067.668448795199,10069.767754577455
785,10068.428211151193,10069.66726682075
786,10068.057103189263,10069.681022980209
787,10067.71105665884,10069.572920928334
788,10067.977742291441,10069.856461863605
789,10067.676646447377,10069.385961464506
790,10065.184896477376,10067.070375571078
791,10064.801925812237,10067.005025516615
792,10078.876060475317,10079.853410210173
793,10077.628799562837,10078.7347718809
794,10077.628799562837,10079.107680564792
795,10072.640373307057,10074.254962182275
796,10071.393884060857,10073.193847425286
797,10071.393884060857,10073.033441689207
798,10071.92134119686,10073.325730972127
799,10071.787427841424,10073.655567134369
800,10071.787427841424,10073.399169523387
801,10071.96498212235,10073.48592157723
802,10076.08989451319,10077.046462185723
803,10074.84297838874,10076.145483253384
804,10069.85593111444,10071.640882045314
805,10071.75816466336,10073.11562481165
806,10071.646745800736,10073.157782874576
807,10066.661280661565,10067.905184752319
808,10067.252329192324,10068.84569257887
809,10066.006506716585,10067.258534308203
810,10065.805470711395,10067.40017217557
811,10068.232078715286,10069.377576567891
812,10075.511902726956,10076.199109362367
813,10075.511902726956,10076.350479625211
814,10073.018213531035,10073.928789731943
815,10074.265058128994,10074.869453935671
816,10074.178232889082,10075.045278284153
817,10071.684873776443,10072.415619104353
818,10071.684873776443,10072.53875710261
819,10071.684873776443,10072.791674328371
820,10071.604741065856,10072.644693915252
821,10071.403092359882,10072.474494162747
822,10071.403092359882,10073.023183673993
823,10071.403092359882,10072.731285342292
824,10071.403092359882,10072.662966453758
825,10071.664505063274,10072.460956828463
826,10071.664505063274,10072.390885167822
827,10067.925399615775,10069.519074110329
828,10062.941776542964,10064.69995720955
829,10062.870051110376,10064.298280816303
830,10063.305505230157,10064.335396472456
831,10062.060171173887,10063.143095785112
832,10068.601993604547,10069.29481428586
833,10068.601993604547,10069.282530614682
834,10068.601993604547,10069.369226449666
835,10068.601993604547,10069.691908686656
836,10068.726210902898,10069.533012661675
837,10068.736315562863,10069.513381342484
838,10068.940747513823,10069.697055396555
839,10063.956621843803,10064.588947643806
840,10063.870520265722,10065.003044924688
841,10067.087506392181,10067.881124858839
842,10067.296319823125,10067.9553156164
843,10067.296319823125,10068.133350882958
844,10062.313008144814,10063.434726733654
845,10058.577374440545,10059.954819296725
846,10058.333463392475,10059.79711897372
847,10059.056838324075,10060.080762636982
848,10059.266096624911,10060.240453021286
849,10059.28461394599,10060.304725174972
850,10059.57648563895,10060.448300270094
851,10059.57648563895,10060.419088836912
852,10058.331613048851,10059.259203083935
853,10058.033283328217,10059.246484800322
854,10058.033283328217,10058.869729351629
855,10058.27194019893,10058.960748706346
856,10058.93080268573,10059.744434699749
857,10059.260233929132,10060.020390937096
858,10056.77056702123,10057.713954230418
859,10058.88489063471,10059.934070462483
860,10058.88489063471,10059.781004563736
861,10059.41347153808,10060.237627510673
862,10059.41347153808,10060.143177688733
863,10059.50156835531,10060.428848284873
864,10059.50156835531,10060.336395151564
865,10059.50156835531,10060.155666493076
866,10059.508689921808,10060.325268011455
867,10059.508689921808,10060.290682558676
868,10059.508689921808,10060.366513047677
869,10059.178346486084,10060.395772015623
870,10055.443876524954,10057.027255373894
871,10050.466431806075,10052.536764984081
872,10049.222686585135,10051.441161611692
873,10059.490375961695,10060.659319194854
874,10059.63419994495,10060.630385900406
875,10061.345481507711,10062.426292524471
876,10061.345481507711,10062.192479117102
877,10061.345481507711,10062.044440053276
878,10061.248026577237,10062.13197185568
879,10061.248026577237,10062.235373106898
880,10061.299525297833,10062.1840460558
881,10058.809353665323,10059.887359607777
882,10061.143891703463,10061.938596001924
883,10061.189175131705,10061.986377467258
884,10061.189175131705,10061.910970100664
885,10061.199002587666,10061.879998403783
886,10061.201380369568,10061.695917663443
887,10061.201380369568,10061.774170284329
888,10056.221085686288,10056.961896639203
889,10059.956306698748,10060.380787043907
890,10059.779033758778,10060.49125520166
891,10062.268949983618,10062.782337938219
892,10062.335749614063,10062.94662487516
893,10062.335749614063,10062.90192300564
894,10062.24382594672,10063.163189851251
895,10062.38825598049,10062.974262766835
896,10062.38825598049,10063.181032345798
897,10057.40737379378,10058.707794010308
898,10057.40737379378,10058.788168016134
899,10057.126506624654,10058.248973847463
900,10056.811018012773,10058.798371165944
901,10057.381843206369,10058.795470974957
902,10062.516720850988,10063.523190086702
903,10063.800440262148,10064.462877738484
904,10063.593351610241,10064.37596349926
905,10063.82259745224,10064.639988517662
906,10063.82259745224,10064.52260233241
907,10063.82259745224,10064.576605453138
908,10063.563869720876,10064.588023626116
909,10063.563869720876,10064.596586997053
910,10063.213455031751,10064.60017198654
911,10063.516102128151,10064.445922489094
912,10063.516102128151,10064.879302469466
913,10063.084184040781,10064.796587732013
914,10063.663936807481,10064.651776612473
915,10063.720989833557,10064.827881940273
916,10059.984833416076,10061.02266564287
917,10057.494987169806,10058.681023607882
918,10057.494987169806,10059.06920684143
919,10057.869438353,10058.620978542149
920,10054.13545432401,10055.246615932432
921,10054.431346587964,10055.769669845753
922,10053.187110708825,10054.388292319558
923,10053.187110708825,10054.336941518151
924,10053.009999226355,10053.859624802071
925,10053.009999226355,10053.898878230943
926,10053.009999226355,10053.98388336369
927,10052.69784017837,10054.125334028784
928,10052.69784017837,10054.000088492336
929,10052.925739054812,10054.324589423653
930,10052.584418663118,10054.26441508226
931,10067.182423865828,10067.789144330485
932,10067.182423865828,10067.840335571462
933,10067.182423865828,10067.772188424464
934,10067.182423865828,10067.585755761727
935,10067.112290482824,10067.74456938048
936,10066.91858213372,10067.69466969333
937,10066.91858213372,10067.554525220568
938,10071.90181139651,10072.526526462683
939,10071.734157434472,10072.348215180733
940,10075.473350981953,10075.946160760872
941,10075.473350981953,10075.941296704017
942,10075.299083281114,10076.175900186803
943,10071.558628496443,10072.841115451429
944,10071.512594465106,10072.156343733419
945,10077.122961829597,10077.770175198531
946,10076.937077881495,10077.712722707269
947,10081.145518647305,10081.602905456311
948,10081.145518647305,10081.735930573546
949,10081.194390588502,10081.679799565136
950,10081.194390588502,10081.581286776873
951,10081.205043648662,10081.620490956328
952,10080.990502644285,10081.782528387546
953,10081.23040108647,10081.865368480781
954,10081.068457867988,10081.662786999515
955,10077.325861203008,10078.106730571499
956,10077.5893608986,10077.946692319107
957,10077.5893608986,10077.74325044613
958,10077.5893608986,10077.808397853616
959,10077.5893608986,10077.962704271462
960,10077.5893608986,10078.093894253312
961,10077.5893608986,10077.994835808133
962,10077.5893608986,10078.135069556682
963,10077.5893608986,10077.785249337316
964,10077.5893608986,10077.902931686122
965,10077.34690589041,10078.076596759536
966,10077.290548474739,10077.573523369414
967,10077.44469938504,10077.95621074409
968,10077.653656992521,10078.372507365848
969,10077.690117534417,10078.152834854776
970,10072.701660926237,10072.954978705737
971,10072.798073175376,10073.265343754058
972,10072.798073175376,10073.42603896032
973,10072.798073175376,10073.396690062415
974,10072.718270040881,10073.609058850592
975,10072.639314612246,10073.598126099861
976,10070.146336381877,10071.440044660649
977,10070.146336381877,10071.249612433496
978,10070.146336381877,10071.49211995327
979,10073.954643642946,10074.753075305236
980,10073.65588840001,10074.786287047924
981,10072.40927348382,10073.449670604103
982,10068.66989154104,10070.39467430489
983,10082.45080320967,10083.091483261884
984,10082.45080320967,10083.317868776396
985,10082.45080320967,10083.16604529065
986,10082.45080320967,10083.052772101746
987,10082.45080320967,10083.246826889494
988,10078.707693348979,10079.777197532769
989,10078.969366017152,10079.679752067957
990,10078.969366017152,10079.659284872616
991,10078.969366017152,10079.728511383844
992,10078.969366017152,10079.59196159784
993,10078.969366017152,10079.786470598869
994,10078.760478513597,10079.528543907578
995,10082.502295890727,10083.299935335494
996,10082.206150439659,10083.289564912538
997,10082.384033558543,10082.866396792957
998,10082.384033558543,10082.83183468632
999,10082.384033558543,10083.028106043255
1000,10079.888643510232,10080.664074802255
1001,10076.146484851331,10077.417336071067
1002,10079.265259204942,10079.958771628619
1003,10079.133690755076,10079.956079269714
1004,10078.967779535715,10080.17468546467
1005,10073.978690484844,10075.623280921038
1006,10074.779483566179,10075.87288249022
1007,10074.779483566179,10075.838382010636
1008,10074.476950805994,10075.847082357965
1009,10073.230234283334,10074.72046747423
1010,10068.243985317364,10069.978224087954
1011,10068.482161833486,10069.92706257611
1012,10069.06680948465,10070.05827121227
1013,10069.06680948465,10069.98728428412
1014,10070.30876206197,10071.120204770688
1015,10070.102275432335,10070.926830991293
1016,10065.117574805994,10066.393771706242
1017,10064.953848110083,10066.420314484796
1018,10064.953848110083,10066.431055611398
1019,10064.871635271438,10066.435008938643
1020,10064.54310641913,10066.436130818685
1021,10064.440255526735,10066.89549111765
1022,10064.079183715769,10066.605728650917
1023,10064.079183715769,10066.817117411143
1024,10064.079183715769,10066.056716879255
1025,10063.836595206021,10066.337118604955
1026,10065.40508288602,10066.673858346285
1027,10060.42270736999,10061.247746165109
1028,10060.42270736999,10061.299648306616
1029,10057.932752749919,10059.229101505849
1030,10058.86041916465,10059.50339824912
1031,10055.12606723404,10055.744840626243
1032,10052.6374235324,10053.265660171775
1033,10052.899188951871,10053.325620252628
1034,10052.899188951871,10053.646240355549
1035,10052.899188951871,10053.608310912323
1036,10052.798294878836,10053.706591389937
1037,10052.846399409957,10053.674361945234
1038,10053.312916762936,10054.031399436177
1039,10053.390669655106,10054.326016467057
1040,10053.393015625115,10054.007155678863
1041,10053.422172959676,10054.014963066158
1042,10053.431892071196,10054.154019661475
1043,10053.431892071196,10054.193427475193
1044,10053.431892071196,10054.37868076687
1045,10053.431892071196,10054.139680167604
1046,10053.431892071196,10054.232014644134
1047,10053.155808239218,10054.174718635159
1048,10055.955060681668,10056.924618769703
1049,10055.955060681668,10056.720067104368
1050,10056.02199385468,10056.743741615763
1051,10056.02199385468,10056.738788293413
1052,10056.02199385468,10056.894270942857
1053,10051.04426296772,10052.196539296148
1054,10053.5331284112,10054.766648333247
1055,10053.078165611229,10054.667145355228
1056,10058.677188867758,10059.752586109273
1057,10057.432427565638,10058.728758491565
1058,10057.314201789828,10058.670734524625
1059,10056.069609157357,10057.912520878246
1060,10054.825170543227,10056.032435558654
1061,10054.825170543227,10056.043103739486
1062,10054.400704909338,10056.250498173114
1063,10054.200417259179,10056.146991803022
1064,10053.876442435,10056.308696107688
1065,10053.876442435,10057.047228391611
1066,10053.876442435,10056.46000267774
1067,10062.897925152969,10064.711578952114
1068,10063.487519221228,10064.56691188391
1069,10063.487519221228,10064.632104617183
1070,10063.379566342555,10064.55095735154
1071,10063.540060765275,10064.628023884754
1072,10063.129283493328,10064.836621706732
1073,10068.615736370879,10069.555157377117
1074,10068.171494307107,10069.511855442997
1075,10068.171494307107,10069.475797367866
1076,10068.276335284781,10069.449656754014
1077,10068.276335284781,10069.321521277501
1078,10068.276335284781,10069.373421952225
1079,10063.292538498812,10064.486255988022
1080,10067.653423687862,10068.819780443466
1081,10067.36220627545,10068.771133959193
1082,10067.36220627545,10068.762486769321
1083,10067.36220627545,10068.61147025429
1084,10067.658417334345,10068.69292168652
1085,10070.695355405316,10071.42639752924
1086,10070.399763285153,10071.56969916023
1087,10070.722146438606,10071.747780257961
1088,10071.019087584915,10071.99373584513
1089,10071.909911023855,10072.734800714119
1090,10071.909911023855,10072.794447185513
1091,10071.827457508129,10072.572675621495
1092,10071.827457508129,10072.570657824439
1093,10071.558516441555,10072.632225203273
1094,10067.819450342326,10069.330078196199
1095,10068.18410865393,10069.395591900153
1096,10068.488903571508,10069.196848974898
1097,10068.488903571508,10069.150532659
1098,10068.488903571508,10069.281356728972
1099,10068.488903571508,10069.241832446492
1100,10067.242928069687,10068.08146690786
1101,10067.170720650363,10067.896315855158
1102,10067.207347608788,10067.913001959087
1103,10069.076195219419,10069.817509351837
1104,10069.076195219419,10069.866452590397
1105,10069.076195219419,10069.736001468289
1106,10069.076195219419,10069.613718502133
1107,10069.076195219419,10069.63518267441
1108,10066.584098861098,10067.167035128889
1109,10065.338359078867,10066.24860251051
1110,10065.09766020882,10066.221428358716
1111,10065.57826156185,10066.228811803063
1112,10065.57826156185,10066.395024586505
1113,10065.39853652787,10066.06023695812
1114,10065.29213986197,10066.567091576773
1115,10066.5377496116,10067.649577575776
1116,10066.35334783459,10067.556847486896
1117,10066.79860511648,10067.916130740645
1118,10066.79860511648,10067.738748359314
1119,10066.79860511648,10067.699084095939
1120,10064.30707246171,10065.376178202427
1121,10065.31922420927,10066.192704319083
1122,10064.07364095527,10065.43219485001
1123,10060.33735361607,10061.361940409495
1124,10060.881357232887,10061.56724496342
1125,10060.881357232887,10061.501022490767
1126,10060.881357232887,10061.714230330208
1127,10060.881357232887,10061.467401208947
1128,10060.881357232887,10061.549150946264
1129,10060.881357232887,10061.561640752278
1130,10060.881357232887,10061.405356068948
1131,10055.901220961057,10056.471119130381
1132,10055.901220961057,10056.958722348612
1133,10056.080982170057,10056.629724978122
1134,10057.326016238017,10057.830216412467
1135,10056.081422143507,10056.636520783051
1136,10056.150726911745,10056.714205030099
1137,10054.906278259285,10055.563781450133
1138,10054.906278259285,10055.577906373885
1139,10055.839614748635,10056.381718111103
1140,10055.917392789415,10056.428966362695
1141,10050.939713679985,10051.793829035245
1142,10050.939713679985,10052.06539506275
1143,10051.225644338381,10052.056616642425
1144,10051.225644338381,10052.260885992118
1145,10050.770240796404,10052.263624583251
1146,10050.770240796404,10052.703761368495
1147,10051.486288890523,10052.640757259273
1148,10051.486288890523,10052.58980812258
1149,10050.242417462272,10051.483414279674
1150,10050.025354330917,10051.222129281456
1151,10050.171067103365,10051.10626384314
1152,10050.171067103365,10051.137531115579
1153,10050.171067103365,10051.032615404278
1154,10050.241719050717,10051.07795609509
1155,10050.126674712084,10051.254136677982
1156,10051.759082726614,10052.461374764705
1157,10051.759082726614,10052.79262793992
1158,10051.459507732518,10052.389770209273
1159,10051.677376632464,10052.692259315387
1160,10051.393776173913,10052.646821036946
1161,10051.527945726219,10052.767325166045
1162,10047.79631597637,10049.396525082164
1163,10047.438292843737,10049.131117532108
1164,10054.225273657417,10055.48350750562
1165,10054.225273657417,10055.34756157949
1166,10054.225273657417,10055.692899308511
1167,10054.488507080554,10055.539955913027
1168,10054.630995793272,10055.622896037974
1169,10054.763725730298,10055.554943678864
1170,10054.667081907954,10055.538293263195
1171,10055.911358919013,10056.516449899545
1172,10055.911358919013,10056.847581691183
1173,10050.933682796353,10052.137338370598
1174,10052.178101827023,10053.469303044743
1175,10054.978044646014,10056.064514087628
1176,10054.978044646014,10055.841457413617
1177,10055.211373214264,10056.071517600056
1178,10055.03391206568,10055.974583958125
1179,10055.166147742388,10056.132731712321
1180,10055.963310372297,10056.727559998575
1181,10055.963310372297,10056.767542624732
1182,10055.81672134016,10056.595368105061
1183,10058.28123150208,10059.019601400532
1184,10058.28123150208,10059.386609083527
1185,10057.03651919968,10058.334665371847
1186,10056.670421829716,10058.210975885631
1187,10056.670421829716,10057.809398892337
1188,10054.181395900316,10055.320625048784
1189,10054.476261782103,10055.49349848666
1190,10055.512376335464,10056.579595119347
1191,10056.289462250485,10057.239000680025
1192,10053.800530608574,10055.046244739817
1193,10051.312214977244,10052.812719924528
1194,10051.457870616583,10052.704873056065
1195,10051.164683124209,10052.677680480369
1196,10050.695051726596,10052.962023543254
1197,10050.118730297329,10053.484237542418
1198,10050.118730297329,10053.551810903926
1199,10050.0163569911,10052.511091142162
1200,10050.886385377691,10052.626133637987
1201,10050.886385377691,10052.43932995032
1202,10047.15499380712,10049.271184073765
1203,10046.872318511672,10048.960494064195
1204,10046.872318511672,10049.498168014014
1205,10048.513108362693,10049.449391780689
1206,10043.539094374053,10044.712802264836
1207,10043.396680166365,10044.389706224934
1208,10043.801544887076,10044.351307714871
1209,10043.801544887076,10044.390812492791
1210,10041.315704004715,10042.245324108779
1211,10041.448226922714,10042.211556746248
1212,10041.448226922714,10042.127654633725
1213,10041.448226922714,10042.010169567051
1214,10041.758957033013,10042.580713462577
1215,10041.758957033013,10042.34079736794
1216,10041.68772689225,10042.349353819285
1217,10041.702985180871,10042.14663245666
1218,10042.28550934883,10042.707987320986
1219,10042.172764415061,10042.765036998613
1220,10041.94486079292,10042.773434528637
1221,10049.98372614282,10050.28207930265
1222,10049.98372614282,10050.374310492985
1223,10049.98372614282,10050.388084082077
1224,10049.902300199637,10050.31001013178
1225,10050.03406553605,10050.568900254226
1226,10050.03406553605,10050.639979846545
1227,10050.03406553605,10050.766007501667
1228,10050.03406553605,10050.510794635606
1229,10050.03406553605,10050.51267267747
1230,10050.03406553605,10050.496020123277
1231,10050.03406553605,10050.562299139938
1232,10049.986066703646,10050.421620067382
1233,10050.296989632547,10050.83906726693
1234,10050.296989632547,10050.605838289008
1235,10050.296989632547,10050.517402185686
1236,10050.996566222577,10051.391619875702
1237,10051.113162320917,10051.392194642483
1238,10051.113162320917,10051.35551652749
1239,10051.142311345508,10051.600986657091
1240,10051.142311345508,10051.595046002527
1241,10051.147023691734,10051.692047989554
1242,10051.147023691734,10051.49653230683
1243,10051.147023691734,10051.353312924908
1244,10051.147023691734,10051.522173195064
1245,10051.147023691734,10051.56534780351
1246,10051.071981743047,10051.749654184792
1247,10052.004853826187,10052.544029810892
1248,10051.828650590094,10052.370793176016
1249,10051.642933673778,10052.395377282914
1250,10051.78599245425,10052.211850044823
1251,10051.546854727421,10052.511236433353
1252,10056.600260496982,10057.541438024635
1253,10056.600260496982,10057.77262810199
1254,10056.600260496982,10057.41802952827
1255,10056.281896408278,10057.564996338371
1256,10056.281896408278,10057.30194844863
1257,10056.183731066389,10057.857052942194
1258,10056.183731066389,10057.559365373652
1259,10056.607265876393,10056.987284631765
1260,10056.607265876393,10057.039434633052
1261,10056.607265876393,10057.512002557061
1262,10056.607265876393,10057.12852747606
1263,10054.118255578092,10054.639997598098
1264,10055.362760727243,10055.763809527169
1265,10055.362760727243,10055.713126965567
1266,10055.293928769841,10055.67159500871
1267,10055.353669637467,10055.738963471917
1268,10055.41025828219,10055.839813374198
1269,10055.275497281102,10055.786524389989
1270,10054.031156938312,10054.689527492887
1271,10054.151779666872,10054.72322197821
1272,10053.997101199158,10054.945793220091
1273,10054.268670617681,10055.059043088533
1274,10054.10219751219,10055.028375995576
1275,10054.10219751219,10054.7107246238
1276,10053.972305712552,10054.817133589611
1277,10053.880095413058,10054.5723265864
1278,10053.880095413058,10054.911447262553
1279,10056.072042505099,10057.205832705231
1280,10056.237783730212,10056.914337569831
1281,10056.440611732593,10057.06242774293
1282,10053.951642681193,10054.47017927697
1283,10050.219113133844,10050.513794206057
1284,10050.0650244905,10050.721164265142
1285,10050.155926018237,10050.410092139255
1286,10050.22805614676,10050.560068119246
1287,10050.266073264856,10050.57934582781
1288,10050.266073264856,10050.491784456015
1289,10050.225413158818,10050.637337553384
1290,10047.737982369057,10048.5327229236
1291,10049.020656331257,10049.869730143959
1292,10044.046391106376,10044.862050554604
1293,10044.046391106376,10044.772535219525
1294,10044.046391106376,10044.873466737265
1295,10044.180592731153,10045.200143334667
1296,10050.797308064752,10051.48479163912
1297,10049.553521897882,10050.293053662494
1298,10049.333623205832,10050.21045783404
1299,10049.413214590391,10050.300573321878
1300,10050.345967636371,10051.099084280131
1301,10050.345967636371,10051.079443051356
1302,10050.479731154557,10051.170769112852
1303,10050.479731154557,10051.28579930485
1304,10050.829513546798,10051.579272856301
1305,10051.091850340978,10051.504348351606
1306,10051.135573140007,10051.58776699919
1307,10051.137793084827,10051.65226467338
1308,10051.137793084827,10051.666818142417
1309,10051.137793084827,10051.673218375547
1310,10046.162479877246,10046.727563768418
1311,10046.093464898859,10046.99509767959
1312,10046.021391642329,10046.559593616621
1313,10046.208614359794,10046.829869788247
1314,10046.374606290528,10046.758376261021
1315,10046.374606290528,10046.982497932882
1316,10046.374606290528,10046.744484920344
1317,10043.888128575469,10044.459710949523
1318,10043.888128575469,10044.382033025444
1319,10043.888128575469,10044.353769123323
1320,10038.91640395183,10039.678541223126
1321,10039.015348909286,10039.850837926087
1322,10039.015348909286,10039.918050114386
1323,10043.210587724807,10043.905705415244
1324,10043.224203833604,10043.658257650532
1325,10043.026205713652,10043.661133724776
1326,10039.297732234782,10040.202822358786
1327,10041.734902025692,10042.556472825672
1328,10041.634252517344,10042.431743842497
1329,10041.52069130214,10042.537952277014
1330,10040.27805311659,10041.384496935996
1331,10040.118307996356,10041.77867621415
1332,10048.123183117446,10048.966015813625
1333,10056.128058238537,10056.550299240314
1334,10054.883612391328,10055.597676310601
1335,10054.786531833262,10055.320861413433
1336,10054.591014282392,10055.323468574934
1337,10063.301163156932,10063.595616227216
1338,10063.301163156932,10063.78905469671
1339,10063.301163156932,10063.768792787274
1340,10063.301163156932,10063.934937710455
1341,10063.301163156932,10064.004530552991
1342,10063.15404036917,10063.892293848055
1343,10063.213749786795,10063.760556736062
1344,10063.213749786795,10063.89258112188
1345,10064.459083305735,10064.857146939645
1346,10063.213606494175,10063.759134927766
1347,10063.836344899955,10064.196634982703
1348,10063.84438307582,10064.39132757413
1349,10063.658083138285,10064.36306398544
1350,10063.658083138285,10064.593826375914
1351,10063.708443350917,10064.346180930781
1352,10063.546338390022,10064.281570655672
1353,10063.465444307034,10064.638026382334
1354,10060.974736609563,10062.296127990074
1355,10060.90279047395,10062.167324024102
1356,10061.283061839285,10062.308736410096
1357,10064.250489580225,10064.909398138396
1358,10064.250489580225,10064.953492206629
1359,10064.250489580225,10064.747687898302
1360,10064.367612733837,10064.76732931619
1361,10064.367612733837,10064.83421592152
1362,10064.18697382683,10064.851394090341
1363,10064.044830646531,10064.974497884146
1364,10059.063128455362,10060.1870230087
1365,10059.063128455362,10060.17520640164
1366,10054.083892206772,10055.452232604492
1367,10070.272113398782,10070.716311209044
1368,10070.272113398782,10070.684180671546
1369,10070.097242989985,10070.742159843301
1370,10066.358719388525,10067.484002502279
1371,10062.621583713955,10063.627848222728
1372,10065.425145663485,10066.36114286448
1373,10062.933952939935,10064.004716674359
1374,10057.952800633226,10059.282395071305
1375,10057.763292822021,10059.90621770577
1376,10056.51864461453,10058.568195980879
1377,10066.32715581679,10067.548868475982
1378,10061.34432387466,10063.412985595069
1379,10061.007334217216,10063.025380119238
1380,10060.82763555932,10063.155035341782
1381,10061.726856707695,10063.450420078252
1382,10072.857760657655,10073.800234035489
1383,10069.118212214014,10070.27733569534
1384,10071.922873546744,10072.918417790594
1385,10071.982167257744,10072.861372965663
1386,10072.099028146613,10073.122228012526
1387,10067.113339127684,10068.366823199764
1388,10068.388976604634,10069.57837206291
1389,10071.259160927764,10072.294554916785
1390,10071.737524981625,10072.679704211507
1391,10066.752014906755,10068.003842628708
1392,10069.483951971115,10070.47293795618
1393,10070.849920503295,10071.800075360969
1394,10070.873142197035,10071.634917846039
1395,10070.962149757914,10071.840426202247
1396,10070.748805459958,10071.817388019996
1397,10070.748805459958,10071.723858806094
1398,10070.953945232251,10071.790432095531
1399,10070.953945232251,10071.484037692873
1400,10069.707664681531,10070.441645589788
1401,10069.780224065331,10070.36746393948
1402,10068.5340887626,10069.070080714413
1403,10068.5340887626,10069.188606658026
1404,10068.274863107476,10069.12247825496
1405,10068.232647826186,10068.824137177657
1406,10071.970652171676,10072.875502826993
1407,10075.708656517167,10076.549717032327
1408,10075.708656517167,10076.483158192515
1409,10075.708656517167,10076.568208561568
1410,10075.40366773926,10076.530113210101
1411,10075.40366773926,10076.53173733899
1412,10077.27397115863,10078.35204433933
1413,10077.27397115863,10078.01629522796
1414,10074.77984585077,10075.650413142328
1415,10072.28633783892,10073.522829657828
1416,10071.03989240461,10072.143492916673
1417,10069.79360121792,10070.73557283873
1418,10066.05519034347,10067.037340740346
1419,10063.56384168386,10065.150501709526
1420,10063.345881055318,10064.684907631801
1421,10068.486355304258,10069.648648859924
1422,10068.905718964683,10069.414874480788
1423,10068.835567291912,10069.687843088226
1424,10068.884453972027,10069.41770516655
1425,10068.884453972027,10069.448476404059
1426,10071.753981779826,10072.193613385367
1427,10071.753981779826,10072.448174127203
1428,10071.753981779826,10072.367361468014
1429,10071.78750691793,10072.272465914319
1430,10071.78750691793,10072.23968103668
1431,10070.54112321395,10071.208536531794
1432,10065.55620535796,10066.193191026587
1433,10065.55620535796,10066.218120024227
1434,10065.517708643143,10066.066892537227
1435,10065.619623232056,10065.988665508927
1436,10065.619623232056,10066.276324858281
1437,10066.584128414266,10067.283347879678
1438,10066.364602330548,10067.336295707846
1439,10061.381751852397,10062.711172234262
1440,10061.10150133078,10062.59015370376
1441,10060.984428699581,10062.347224096355
1442,10075.29749767798,10076.175590750969
1443,10075.494206328722,10076.11541102504
1444,10075.337777018303,10076.198501261792
1445,10072.844130918493,10073.77943533267
1446,10074.389152584512,10075.10270823231
1447,10070.649035611612,10071.623627792287
1448,10072.742831104351,10073.225694643064
1449,10077.453870963021,10078.061922710413
1450,10079.024217582572,10079.45193976273
1451,10077.77693833564,10078.226797532478
1452,10077.77693833564,10078.478137433543
1453,10077.819632206369,10078.298197723534
1454,10077.8975871593,10078.577401237588
1455,10077.956053373999,10078.541089865912
1456,10077.96715875074,10078.607557789383
1457,10077.96715875074,10078.391843245796
1458,10077.96715875074,10078.475815591819
1459,10077.96715875074,10078.650124523454
1460,10077.746218030445,10078.557233911275
1461,10079.616940684295,10080.394345382754
1462,10079.487300816458,10080.23186264532
1463,10074.497954602557,10075.721624856766
1464,10070.757797236907,10072.29673156998
1465,10069.511540959496,10070.992452774997
1466,10069.511540959496,10070.95683122879
1467,10069.324388795978,10071.326833226058
1468,10069.861316360153,10071.050490783085
1469,10069.6856572035,10071.155006404118
1470,10080.5946437843,10080.998493824254
1471,10080.5946437843,10081.045636113813
1472,10076.852223022799,10077.231137248202
1473,10076.852223022799,10077.452368021404
1474,10078.72343340355,10079.28552096923
1475,10078.72343340355,10079.210745673236
1476,10073.73446530402,10074.524025323495
1477,10071.24121602386,10072.023778375127
1478,10066.25595162193,10067.379497103628
1479,10080.5946437843,10080.994274328214
1480,10080.5946437843,10081.051971811214
1481,10080.497086742915,10080.987065424828
1482,10080.607764318254,10081.05823456078
1483,10076.865338685755,10077.726127563563
1484,10076.632768046467,10077.714855697799
1485,10076.632768046467,10077.608323346258
1486,10078.503633518838,10079.605097388052
1487,10078.820563544949,10079.69327941678
1488,10078.820563544949,10079.46564211375
1489,10078.912238982713,10079.577342034674
1490,10078.912238982713,10079.684404893756
1491,10078.912238982713,10079.653373377349
1492,10078.912238982713,10079.81895377098
1493,10078.912238982713,10079.649222320222
1494,10078.653086496333,10079.604231493213
1495,10078.493474861662,10079.23993585153
1496,10080.364348893432,10081.35887672766
1497,10080.020007317846,10081.433419118128
1498,10080.708143641597,10081.816545212918
1499,10080.499985712742,10081.412068118034
1500,10082.098251590322,10083.010873958769
1501,10080.850591931692,10081.324403537012
1502,10079.603086670943,10080.44122272805
1503,10079.603086670943,10080.223691997055
1504,10079.603086670943,10079.998813526674
1505,10086.893049223072,10086.97243052613
1506,10086.893049223072,10087.370156962756
1507,10086.893049223072,10087.172523117097
1508,10086.836343663297,10087.119926755498
1509,10086.836343663297,10087.178294578898
1510,10089.332849692977,10089.612065637375
1511,10089.332849692977,10089.853122576205
1512,10089.332849692977,10089.70453309861
1513,10089.332849692977,10089.590420944525
1514,10089.332849692977,10089.781840273992
1515,10089.332849692977,10089.923506514626
1516,10085.587184872527,10086.162492203124
1517,10085.416618956806,10086.210168471975
1518,10085.416618956806,10086.081080878863
1519,10085.372564052874,10086.031878697715
1520,10082.876434343274,10083.582692194172
1521,10083.075108003623,10083.37986409947
1522,10085.883642773382,10086.157830461962
1523,10085.883642773382,10086.237100673854
1524,10085.883642773382,10086.263917118666
1525,10085.795935648266,10086.118269206554
1526,10082.051583907156,10082.790276167414
1527,10082.001215598237,10082.754520839482
1528,10084.185313079986,10084.728754834741
1529,10084.411997192288,10084.95283567727
1530,10085.231033747948,10085.524231397843
1531,10085.640552025778,10085.855600738581
1532,10085.742931595238,10086.078418360017
1533,10085.742931595238,10086.11091057415
1534,10080.750488844098,10081.19874151342
1535,10080.842996850139,10081.290272870325
1536,10080.674367228345,10081.415538201009
1537,10075.684433416565,10076.400302412232
1538,10071.943835570655,10073.306111972768
1539,10071.886570059776,10073.094299815724
1540,10071.784240824118,10072.428942322338
1541,10072.052970685445,10073.373066610473
1542,10072.258455911311,10073.40300662861
1543,10072.258455911311,10073.285375400363
1544,10072.434942558513,10072.910018732868
1545,10072.288996949736,10073.058511278965
1546,10072.207211543779,10072.935571917476
1547,10072.033196620701,10073.240186499495
1548,10071.904847201775,10073.362529034885
1549,10090.375309102725,10090.760645850301
1550,10090.375309102725,10090.720353104045
1551,10090.17625153357,10090.775323902872
1552,10090.2983032169,10090.915826835493
1553,10092.7956711059,10093.168969943708
1554,10092.547521547005,10093.291790083482
1555,10092.547521547005,10093.232884545974
1556,10093.796505011305,10094.086553109662
1557,10094.733242609534,10095.498012836593
1558,10094.733242609534,10095.452762739234
1559,10094.733242609534,10095.165237057314
1560,10096.138349006875,10096.341366756693
1561,10097.543455404204,10098.041754647718
1562,10097.543455404204,10098.141181796987
1563,10093.794742396383,10094.478120165331
1564,10093.838563921423,10094.12116506064
1565,10093.87831620475,10094.093628848155
1566,10093.669053288071,10094.295026365404
1567,10088.672687106691,10089.471397784113
1568,10098.665523054591,10099.154541033102
1569,10098.665523054591,10099.192838949271
1570,10098.665523054591,10099.139533129619
1571,10098.665523054591,10099.371684929041
1572,10098.665523054591,10099.14160196204
1573,10098.665523054591,10098.997745231056
1574,10098.665523054591,10099.009355973378
1575,10098.603624154117,10098.83063753532
1576,10098.56232209923,10098.830138741978
1577,10103.248722578539,10103.59470848778
1578,10104.81085607164,10105.067739063106
1579,10101.05944504132,10101.174074840872
1580,10101.025503873045,10101.183734483517
1581,10097.275498154735,10097.593609124426
1582,10097.275498154735,10097.44612261077
1583,10108.526933222334,10108.497088662589
1584,10108.526933222334,10108.684035869373
1585,10108.526933222334,10108.73806739591
1586,10108.526933222334,10108.850235070484
1587,10108.500106356474,10108.742484593806
1588,10105.998252580153,10106.258966959784
1589,10103.497018012644,10103.78214266336
1590,10103.455560508386,10103.765787058155
1591,10105.644219024336,10106.038680065827
1592,10105.644219024336,10106.08063634774
1593,10105.644219024336,10106.24107685212
1594,10105.644219024336,10105.78130415885
1595,10105.644219024336,10105.755045380141
1596,10103.143072080125,10103.67040448929
1597,10109.943413949155,10110.270375400034
1598,10112.210194572164,10112.48934145574
1599,10112.210194572164,10112.338297757582
1600,10110.958808560585,10111.312946065873
1601,10110.942420947033,10111.107128641066
1602,10110.956917349435,10111.23582482316
1603,10111.005438545712,10111.267006771155
1604,10111.005438545712,10111.444204768755
1605,10111.005438545712,10111.35830607249
1606,10111.005438545712,10111.105100071733
1607,10111.005438545712,10111.410833542723
1608,10111.005438545712,10111.343847710566
1609,10110.911112098138,10111.258908179134
1610,10108.408661597898,10108.638192905162
1611,10103.404999310407,10103.764789060668
1612,10103.363129226762,10103.581768915252
1613,10103.412813637819,10103.687169681849
1614,10103.450745556664,10103.690800633252
1615,10103.389424103412,10103.68438116134
1616,10103.359853997297,10103.673347923963
1617,10103.287609329514,10103.874147780874
1618,10103.67116515967,10104.441209635203
1619,10103.633208182091,10104.281230692219
1620,10103.633208182091,10104.785112727295
1621,10115.083280952531,10115.560573094726
1622,10115.023256561884,10115.324021041773
1623,10114.97361764173,10115.521621841852
1624,10114.863201860791,10115.579678279624
1625,10113.611487539561,10114.571099360452
1626,10113.611487539561,10114.241527596112
1627,10113.46682927861,10114.282857813298
1628,10112.21528775849,10113.075593626063
1629,10112.568399959662,10113.069376312118
1630,10112.711377071093,10113.173631927582
1631,10112.50569656155,10113.123150024567
1632,10108.751428821699,10109.65435606973
1633,10108.537673469307,10109.554765315506
1634,10108.493926551313,10108.952780623898
1635,10120.693242728523,10121.36293370432
1636,10121.709852409962,10122.133044230422
1637,10121.731146919918,10122.080132888002
1638,10121.731146919918,10122.148581816657
1639,10121.731146919918,10122.065614129599
1640,10123.446675757337,10123.708032386736
1641,10123.449898484316,10123.688859448906
1642,10123.45609575114,10123.757810561969
1643,10123.509706027311,10123.747543405249
1644,10123.370062241538,10123.890289247885
1645,10127.289246048398,10127.633399719532
1646,10127.289246048398,10127.715201769632
1647,10127.289246048398,10127.831602976366
1648,10127.070611423464,10127.726207913804
1649,10130.830367556053,10131.299652439155
1650,10130.86050913012,10131.19809241298
1651,10130.594702902363,10131.40851237821
1652,10129.341041807882,10129.670683256289
1653,10129.553184631643,10129.882260274084
1654,10129.553184631643,10129.823026110706
1655,10129.553184631643,10129.881087019117
1656,10129.553184631643,10129.815309184396
1657,10129.553184631643,10129.953307891596
1658,10129.507637429146,10129.919854719863
1659,10129.518884889845,10129.918644841506
1660,10129.549850594358,10130.008598673
1661,10129.491000530812,10129.712007025644
1662,10129.670497596007,10130.129070316509
1663,10129.670497596007,10129.977175362132
1664,10129.670497596007,10130.099910053133
1665,10127.163404147848,10127.851074101083
